cgd1_10-RA-p1	0	0	0
cgd1_100-RA-p1	0	0	0
cgd1_1000-RA-p1	0	0	0
cgd1_1010-RA-p1	5.572768101	0	12.70333891
cgd1_1040-RA-p1	0	7.205621731	0
cgd1_1050-RA-p1	0	0	0
cgd1_1060-RA-p1	0	0	0
cgd1_1070-RA-p1	0	0	0
cgd1_1080-RA-p1	0	0	0
cgd1_1090-RA-p1	2.78638405	2.40187391	3.175834728
cgd1_110-RA-p1	0	0	0
cgd1_1100-RA-p1	0	2.40187391	0
cgd1_1110-RA-p1	0	0	0
cgd1_1120-RA-p1	2.78638405	4.803747821	3.175834728
cgd1_1130-RA-p1	2.78638405	0	0
cgd1_1140-RA-p1	0	0	0
cgd1_1150-RA-p1	2.78638405	2.40187391	0
cgd1_1160-RA-p1	8.359152151	4.803747821	0
cgd1_1170-RA-p1	5.572768101	4.803747821	3.175834728
cgd1_1180-RA-p1	0	2.40187391	0
cgd1_1190-RA-p1	0	0	0
cgd1_1200-RA-p1	0	0	0
cgd1_1210-RA-p1	0	0	0
cgd1_1220-RA-p1	0	2.40187391	0
cgd1_1230-RA-p1	0	0	3.175834728
cgd1_1240-RA-p1	0	0	0
cgd1_1250-RA-p1	0	7.205621731	0
cgd1_1270-RA-p1	11.1455362	7.205621731	0
cgd1_1290-RA-p1	2.78638405	0	0
cgd1_130-RA-p1	0	2.40187391	3.175834728
cgd1_1300-RA-p1	0	0	0
cgd1_1310-RA-p1	0	0	3.175834728
cgd1_1320-RA-p1	0	0	0
cgd1_1330-RA-p1	0	0	3.175834728
cgd1_1350-RA-p1	0	4.803747821	0
cgd1_1360-RA-p1	0	0	0
cgd1_1370-RA-p1	0	0	0
cgd1_1380-RA-p1	0	4.803747821	6.351669456
cgd1_1390-RA-p1	0	2.40187391	0
cgd1_140-RA-p1	0	2.40187391	0
cgd1_1400-RA-p1	2.78638405	2.40187391	0
cgd1_1420-RA-p1	0	0	0
cgd1_1430-RA-p1	0	0	0
cgd1_1440-RA-p1	0	0	0
cgd1_1450-RA-p1	0	0	0
cgd1_1460-RA-p1	0	0	0
cgd1_1470-RA-p1	2.78638405	0	0
cgd1_1480-RA-p1	2.78638405	2.40187391	3.175834728
cgd1_1490-RA-p1	0	0	0
cgd1_150-RA-p1	0	0	3.175834728
cgd1_1500-RA-p1	0	0	0
cgd1_1510-RA-p1	2.78638405	0	0
cgd1_1520-RA-p1	5.572768101	2.40187391	9.527504184
cgd1_1530-RA-p1	0	0	0
cgd1_1540-RA-p1	2.78638405	2.40187391	0
cgd1_1550-RA-p1	0	0	3.175834728
cgd1_1560-RA-p1	5.572768101	2.40187391	0
cgd1_1570-RA-p1	0	2.40187391	3.175834728
cgd1_1580-RA-p1	8.359152151	2.40187391	9.527504184
cgd1_160-RA-p1	0	0	0
cgd1_1600-RA-p1	2.78638405	4.803747821	3.175834728
cgd1_1610-RA-p1	2.78638405	0	0
cgd1_1620-RA-p1	0	0	0
cgd1_1630-RA-p1	0	0	0
cgd1_1640-RA-p1	0	0	3.175834728
cgd1_1660-RA-p1	16.7183043	0	9.527504184
cgd1_1670-RA-p1	0	2.40187391	0
cgd1_1690-RA-p1	5.572768101	9.607495641	0
cgd1_170-RA-p1	0	0	0
cgd1_1700-RA-p1	2.78638405	2.40187391	3.175834728
cgd1_1720-RA-p1	2.78638405	0	0
cgd1_1730-RA-p1	0	0	0
cgd1_1740-RA-p1	0	0	3.175834728
cgd1_1760-RA-p1	0	0	0
cgd1_1770-RA-p1	0	0	0
cgd1_1780-RA-p1	0	0	0
cgd1_1790-RA-p1	0	0	0
cgd1_180-RA-p1	0	0	0
cgd1_1800-RA-p1	0	0	0
cgd1_1810-RA-p1	0	0	0
cgd1_1830-RA-p1	0	0	0
cgd1_1840-RA-p1	0	2.40187391	3.175834728
cgd1_1850-RA-p1	0	0	0
cgd1_1860-RA-p1	0	0	0
cgd1_1870-RA-p1	0	2.40187391	0
cgd1_1880-RA-p1	0	2.40187391	0
cgd1_1890-RA-p1	2.78638405	0	0
cgd1_190-RA-p1	0	0	0
cgd1_1900-RA-p1	0	0	0
cgd1_1910-RA-p1	0	0	0
cgd1_1920-RA-p1	0	4.803747821	3.175834728
cgd1_1940-RA-p1	0	2.40187391	0
cgd1_1950-RA-p1	0	0	0
cgd1_1970-RA-p1	0	0	6.351669456
cgd1_1980-RA-p1	0	0	0
cgd1_1990-RA-p1	0	0	3.175834728
cgd1_20-RA-p1	0	0	0
cgd1_200-RA-p1	2.78638405	0	0
cgd1_2000-RA-p1	2.78638405	0	0
cgd1_2010-RA-p1	0	2.40187391	0
cgd1_2030-RA-p1	0	0	3.175834728
cgd1_2040-RA-p1	52.94129696	14.41124346	6.351669456
cgd1_2060-RA-p1	0	0	0
cgd1_2070-RA-p1	0	0	0
cgd1_2080-RA-p1	0	0	0
cgd1_2090-RA-p1	0	2.40187391	0
cgd1_210-RA-p1	0	0	0
cgd1_2100-RA-p1	0	0	0
cgd1_2110-RA-p1	0	0	0
cgd1_2120-RA-p1	0	0	0
cgd1_2130-RA-p1	0	0	0
cgd1_2140-RA-p1	2.78638405	0	3.175834728
cgd1_2160-RA-p1	0	2.40187391	0
cgd1_2170-RA-p1	0	0	0
cgd1_2180-RA-p1	0	0	0
cgd1_2190-RA-p1	0	0	0
cgd1_220-RA-p1	0	0	0
cgd1_2200-RA-p1	0	0	0
cgd1_2220-RA-p1	0	0	0
cgd1_2230-RA-p1	0	0	0
cgd1_2240-RA-p1	0	0	0
cgd1_2250-RA-p1	0	0	0
cgd1_2260-RA-p1	0	0	0
cgd1_2270-RA-p1	5.572768101	0	0
cgd1_2280-RA-p1	0	0	0
cgd1_2290-RA-p1	5.572768101	2.40187391	0
cgd1_230-RA-p1	0	0	0
cgd1_2300-RA-p1	0	0	0
cgd1_2320-RA-p1	0	2.40187391	6.351669456
cgd1_2330-RA-p1	0	0	0
cgd1_2350-RA-p1	0	0	0
cgd1_2360-RA-p1	0	0	0
cgd1_2370-RA-p1	0	0	0
cgd1_2380-RA-p1	0	0	0
cgd1_2390-RA-p1	0	2.40187391	0
cgd1_240-RA-p1	0	2.40187391	3.175834728
cgd1_2400-RA-p1	0	0	9.527504184
cgd1_2410-RA-p1	0	0	3.175834728
cgd1_2420-RA-p1	0	2.40187391	0
cgd1_2450-RA-p1	0	0	0
cgd1_2460-RA-p1	2.78638405	0	0
cgd1_2480-RA-p1	2.78638405	0	0
cgd1_2490-RA-p1	2.78638405	0	0
cgd1_250-RA-p1	0	4.803747821	0
cgd1_2500-RA-p1	0	0	0
cgd1_2510-RA-p1	0	0	0
cgd1_2520-RA-p1	0	0	0
cgd1_2530-RA-p1	2.78638405	2.40187391	3.175834728
cgd1_2540-RA-p1	0	2.40187391	0
cgd1_2560-RA-p1	0	0	0
cgd1_2570-RA-p1	0	0	0
cgd1_2580-RA-p1	0	2.40187391	0
cgd1_2600-RA-p1	0	0	0
cgd1_2610-RA-p1	0	0	3.175834728
cgd1_2620-RA-p1	0	0	0
cgd1_2630-RA-p1	0	0	0
cgd1_2635-RA-p1	0	0	0
cgd1_2670-RA-p1	0	0	0
cgd1_2680-RA-p1	2.78638405	0	0
cgd1_2690-RA-p1	0	0	0
cgd1_270-RA-p1	0	0	0
cgd1_2700-RA-p1	0	2.40187391	3.175834728
cgd1_2710-RA-p1	0	0	0
cgd1_2720-RA-p1	0	0	0
cgd1_2730-RA-p1	2.78638405	0	0
cgd1_2740-RA-p1	2.78638405	2.40187391	0
cgd1_2750-RA-p1	0	0	0
cgd1_2760-RA-p1	0	2.40187391	0
cgd1_2770-RA-p1	0	0	0
cgd1_2780-RA-p1	0	0	0
cgd1_280-RA-p1	0	0	0
cgd1_2800-RA-p1	0	2.40187391	0
cgd1_2830-RA-p1	0	0	0
cgd1_2840-RA-p1	0	0	0
cgd1_2850-RA-p1	2.78638405	0	0
cgd1_2860-RA-p1	0	0	3.175834728
cgd1_2870-RA-p1	0	0	0
cgd1_2880-RA-p1	0	0	0
cgd1_2890-RA-p1	0	0	0
cgd1_290-RA-p1	0	0	0
cgd1_2900-RA-p1	0	0	0
cgd1_2910-RA-p1	0	2.40187391	0
cgd1_2920-RA-p1	0	2.40187391	0
cgd1_2930-RA-p1	0	2.40187391	0
cgd1_2960-RA-p1	2.78638405	0	0
cgd1_2970-RA-p1	0	2.40187391	0
cgd1_2980-RA-p1	16.7183043	2.40187391	0
cgd1_2990-RA-p1	0	2.40187391	0
cgd1_30-RA-p1	0	0	3.175834728
cgd1_300-RA-p1	8.359152151	12.00936955	9.527504184
cgd1_3000-RA-p1	5.572768101	2.40187391	6.351669456
cgd1_3010-RA-p1	0	0	0
cgd1_3020-RA-p1	13.93192025	14.41124346	3.175834728
cgd1_3030-RA-p1	0	2.40187391	3.175834728
cgd1_3040-RA-p1	2.78638405	4.803747821	9.527504184
cgd1_3050-RA-p1	2.78638405	0	0
cgd1_3070-RA-p1	0	0	0
cgd1_3090-RA-p1	0	0	0
cgd1_310-RA-p1	0	0	0
cgd1_3130-RA-p1	0	9.607495641	0
cgd1_3140-RA-p1	5.572768101	0	0
cgd1_3150-RA-p1	5.572768101	2.40187391	0
cgd1_3160-RA-p1	2.78638405	0	0
cgd1_3170-RA-p1	0	7.205621731	6.351669456
cgd1_3180-RA-p1	11.1455362	0	0
cgd1_3190-RA-p1	0	0	0
cgd1_320-RA-p1	0	0	3.175834728
cgd1_3200-RA-p1	0	0	0
cgd1_3210-RA-p1	0	2.40187391	3.175834728
cgd1_3220-RA-p1	0	0	3.175834728
cgd1_3230-RA-p1	2.78638405	0	0
cgd1_3240-RA-p1	0	2.40187391	0
cgd1_3250-RA-p1	0	2.40187391	0
cgd1_3260-RA-p1	0	0	0
cgd1_3270-RA-p1	0	2.40187391	0
cgd1_3280-RA-p1	0	0	0
cgd1_3290-RA-p1	0	0	6.351669456
cgd1_330-RA-p1	5.572768101	12.00936955	3.175834728
cgd1_3300-RA-p1	0	0	0
cgd1_3310-RA-p1	0	0	0
cgd1_3340-RA-p1	0	0	0
cgd1_3380-RA-p1	0	0	0
cgd1_3390-RA-p1	0	0	0
cgd1_340-RA-p1	2.78638405	0	0
cgd1_3400-RA-p1	2.78638405	0	0
cgd1_3420-RA-p1	0	0	0
cgd1_3440-RA-p1	0	0	0
cgd1_3450-RA-p1	0	0	0
cgd1_3460-RA-p1	0	0	3.175834728
cgd1_3480-RA-p1	0	0	0
cgd1_3490-RA-p1	0	0	0
cgd1_3500-RA-p1	2.78638405	4.803747821	0
cgd1_3510-RA-p1	0	0	0
cgd1_3520-RA-p1	0	0	3.175834728
cgd1_3530-RA-p1	0	0	0
cgd1_3540-RA-p1	0	4.803747821	0
cgd1_3570-RA-p1	0	4.803747821	0
cgd1_3580-RA-p1	0	0	0
cgd1_3590-RA-p1	0	0	6.351669456
cgd1_360-RA-p1	0	0	0
cgd1_3610-RA-p1	0	0	0
cgd1_3620-RA-p1	0	0	0
cgd1_3630-RA-p1	0	0	0
cgd1_3640-RA-p1	2.78638405	0	0
cgd1_3650-RA-p1	2.78638405	0	3.175834728
cgd1_3670-RA-p1	0	9.607495641	3.175834728
cgd1_3680-RA-p1	0	0	0
cgd1_3690-RA-p1	0	0	0
cgd1_370-RA-p1	0	4.803747821	0
cgd1_3700-RA-p1	0	0	0
cgd1_3710-RA-p1	0	0	0
cgd1_3720-RA-p1	0	0	0
cgd1_3730-RA-p1	8.359152151	9.607495641	3.175834728
cgd1_3740-RA-p1	0	0	0
cgd1_3750-RA-p1	2.78638405	0	0
cgd1_3760-RA-p1	0	0	0
cgd1_3770-RA-p1	0	0	0
cgd1_3780-RA-p1	0	2.40187391	0
cgd1_3790-RA-p1	0	2.40187391	0
cgd1_380-RA-p1	0	0	0
cgd1_3800-RA-p1	0	0	0
cgd1_3810-RA-p1	2.78638405	12.00936955	3.175834728
cgd1_3820-RA-p1	0	2.40187391	6.351669456
cgd1_3840-RA-p1	0	0	0
cgd1_3850-RA-p1	0	0	0
cgd1_3860-RA-p1	0	2.40187391	0
cgd1_390-RA-p1	0	0	0
cgd1_40-RA-p1	2.78638405	2.40187391	3.175834728
cgd1_400-RA-p1	0	0	0
cgd1_410-RA-p1	2.78638405	0	0
cgd1_420-RA-p1	0	0	0
cgd1_430-RA-p1	0	0	3.175834728
cgd1_440-RA-p1	5.572768101	0	0
cgd1_460-RA-p1	0	0	0
cgd1_470-RA-p1	0	0	0
cgd1_480-RA-p1	0	0	0
cgd1_490-RA-p1	0	0	0
cgd1_50-RA-p1	0	2.40187391	0
cgd1_500-RA-p1	5.572768101	4.803747821	6.351669456
cgd1_510-RA-p1	16.7183043	2.40187391	6.351669456
cgd1_520-RA-p1	0	0	0
cgd1_530-RA-p1	0	2.40187391	0
cgd1_540-RA-p1	8.359152151	0	0
cgd1_550-RA-p1	0	0	0
cgd1_560-RA-p1	2.78638405	2.40187391	3.175834728
cgd1_570-RA-p1	0	2.40187391	3.175834728
cgd1_580-RA-p1	0	2.40187391	0
cgd1_590-RA-p1	2.78638405	7.205621731	9.527504184
cgd1_600-RA-p1	0	0	0
cgd1_610-RA-p1	2.78638405	0	0
cgd1_620-RA-p1	0	2.40187391	0
cgd1_630-RA-p1	5.572768101	9.607495641	0
cgd1_640-RA-p1	0	2.40187391	3.175834728
cgd1_645-RA-p1	0	2.40187391	0
cgd1_650-RA-p1	0	0	0
cgd1_660-RA-p1	11.1455362	7.205621731	9.527504184
cgd1_680-RA-p1	0	0	0
cgd1_70-RA-p1	0	0	0
cgd1_700-RA-p1	5.572768101	0	0
cgd1_710-RA-p1	0	2.40187391	0
cgd1_720-RA-p1	0	0	3.175834728
cgd1_730-RA-p1	0	0	0
cgd1_740-RA-p1	2.78638405	0	9.527504184
cgd1_750-RA-p1	0	4.803747821	0
cgd1_760-RA-p1	0	16.81311737	6.351669456
cgd1_770-RA-p1	0	4.803747821	6.351669456
cgd1_780-RA-p1	0	2.40187391	0
cgd1_790-RA-p1	2.78638405	0	0
cgd1_800-RA-p1	0	0	0
cgd1_820-RA-p1	0	2.40187391	0
cgd1_830-RA-p1	0	2.40187391	0
cgd1_850-RA-p1	5.572768101	0	9.527504184
cgd1_860-RA-p1	2.78638405	0	0
cgd1_870-RA-p1	0	0	0
cgd1_880-RA-p1	0	0	3.175834728
cgd1_890-RA-p1	0	2.40187391	0
cgd1_90-RA-p1	0	0	0
cgd1_905-RA-p1	0	0	0
cgd1_910-RA-p1	0	0	0
cgd1_920-RA-p1	0	0	0
cgd1_930-RA-p1	2.78638405	2.40187391	6.351669456
cgd1_940-RA-p1	0	2.40187391	0
cgd1_950-RA-p1	2.78638405	0	3.175834728
cgd1_960-RA-p1	0	2.40187391	3.175834728
cgd1_970-RA-p1	2.78638405	2.40187391	12.70333891
cgd1_980-RA-p1	30.65022456	60.04684776	31.75834728
cgd1_990-RA-p1	0	2.40187391	3.175834728
cgd2_10-RA-p1	0	2.40187391	0
cgd2_100-RA-p1	25.07745645	9.607495641	6.351669456
cgd2_1010-RA-p1	0	0	3.175834728
cgd2_1020-RA-p1	0	0	3.175834728
cgd2_1030-RA-p1	0	0	0
cgd2_1050-RA-p1	0	0	0
cgd2_1060-RA-p1	0	2.40187391	0
cgd2_1070-RA-p1	13.93192025	12.00936955	0
cgd2_1080-RA-p1	0	0	0
cgd2_1100-RA-p1	2.78638405	0	0
cgd2_1120-RA-p1	0	0	0
cgd2_1140-RA-p1	0	0	0
cgd2_1150-RA-p1	2.78638405	7.205621731	3.175834728
cgd2_1160-RA-p1	0	0	3.175834728
cgd2_1170-RA-p1	0	0	0
cgd2_120-RA-p1	0	0	0
cgd2_1200-RA-p1	0	0	0
cgd2_1220-RA-p1	2.78638405	0	0
cgd2_1240-RA-p1	0	0	3.175834728
cgd2_1250-RA-p1	0	0	0
cgd2_1260-RA-p1	0	0	0
cgd2_1270-RA-p1	0	0	0
cgd2_1290-RA-p1	2.78638405	0	0
cgd2_130-RA-p1	2.78638405	2.40187391	0
cgd2_1300-RA-p1	0	0	0
cgd2_1310-RA-p1	0	0	0
cgd2_1330-RA-p1	5.572768101	0	0
cgd2_1340-RA-p1	0	0	0
cgd2_1350-RA-p1	2.78638405	0	0
cgd2_1360-RA-p1	2.78638405	2.40187391	6.351669456
cgd2_1370-RA-p1	0	0	3.175834728
cgd2_1375-RA-p1	0	0	3.175834728
cgd2_1377-RA-p1	0	0	0
cgd2_1380-RA-p1	0	2.40187391	0
cgd2_1390-RA-p1	0	0	3.175834728
cgd2_140-RA-p1	0	0	3.175834728
cgd2_1400-RA-p1	2.78638405	0	0
cgd2_1410-RA-p1	2.78638405	2.40187391	3.175834728
cgd2_1420-RA-p1	0	0	0
cgd2_1430-RA-p1	0	0	0
cgd2_1440-RA-p1	0	0	0
cgd2_1450-RA-p1	0	0	0
cgd2_1460-RA-p1	0	0	0
cgd2_1480-RA-p1	0	0	0
cgd2_150-RA-p1	0	2.40187391	3.175834728
cgd2_1500-RA-p1	0	0	0
cgd2_1510-RA-p1	0	0	0
cgd2_1520-RA-p1	0	0	0
cgd2_1530-RA-p1	0	0	0
cgd2_1540-RA-p1	2.78638405	0	0
cgd2_1550-RA-p1	0	0	0
cgd2_1560-RA-p1	2.78638405	0	0
cgd2_1570-RA-p1	0	0	0
cgd2_160-RA-p1	2.78638405	0	0
cgd2_1600-RA-p1	5.572768101	0	3.175834728
cgd2_1610-RA-p1	0	0	0
cgd2_1620-RA-p1	0	2.40187391	0
cgd2_1630-RA-p1	0	0	0
cgd2_1670-RA-p1	0	0	0
cgd2_1680-RA-p1	0	0	3.175834728
cgd2_1690-RA-p1	0	0	0
cgd2_170-RA-p1	0	4.803747821	6.351669456
cgd2_1710-RA-p1	2.78638405	2.40187391	6.351669456
cgd2_1720-RA-p1	0	0	0
cgd2_1740-RA-p1	0	2.40187391	3.175834728
cgd2_1750-RA-p1	0	0	9.527504184
cgd2_1760-RA-p1	0	0	6.351669456
cgd2_1770-RA-p1	0	0	3.175834728
cgd2_1780-RA-p1	2.78638405	0	6.351669456
cgd2_1790-RA-p1	2.78638405	0	0
cgd2_180-RA-p1	2.78638405	2.40187391	0
cgd2_1800-RA-p1	0	0	0
cgd2_1810-RA-p1	0	2.40187391	3.175834728
cgd2_1820-RA-p1	2.78638405	0	0
cgd2_1830-RA-p1	0	0	0
cgd2_1840-RA-p1	0	0	6.351669456
cgd2_1850-RA-p1	0	0	0
cgd2_1860-RA-p1	0	2.40187391	0
cgd2_1870-RA-p1	0	0	0
cgd2_1880-RA-p1	2.78638405	0	0
cgd2_1890-RA-p1	5.572768101	4.803747821	3.175834728
cgd2_190-RA-p1	0	4.803747821	0
cgd2_1900-RA-p1	5.572768101	4.803747821	6.351669456
cgd2_1910-RA-p1	11.1455362	4.803747821	9.527504184
cgd2_1930-RA-p1	0	0	0
cgd2_1950-RA-p1	0	0	0
cgd2_1960-RA-p1	0	4.803747821	0
cgd2_1970-RA-p1	0	0	0
cgd2_1980-RA-p1	0	0	6.351669456
cgd2_1990-RA-p1	0	0	0
cgd2_20-RA-p1	0	7.205621731	0
cgd2_200-RA-p1	5.572768101	16.81311737	6.351669456
cgd2_2000-RA-p1	0	0	0
cgd2_2010-RA-p1	0	0	0
cgd2_2020-RA-p1	0	0	3.175834728
cgd2_2030-RA-p1	0	0	0
cgd2_2040-RA-p1	0	0	0
cgd2_2050-RA-p1	2.78638405	2.40187391	3.175834728
cgd2_2060-RA-p1	0	0	0
cgd2_2070-RA-p1	5.572768101	0	0
cgd2_2080-RA-p1	0	0	0
cgd2_2090-RA-p1	0	0	0
cgd2_210-RA-p1	0	2.40187391	6.351669456
cgd2_2100-RA-p1	5.572768101	7.205621731	3.175834728
cgd2_2110-RA-p1	284.2111731	129.7011912	111.1542155
cgd2_2120-RA-p1	25.07745645	24.0187391	15.87917364
cgd2_2130-RA-p1	0	2.40187391	0
cgd2_2140-RA-p1	0	2.40187391	3.175834728
cgd2_2150-RA-p1	8.359152151	2.40187391	3.175834728
cgd2_2160-RA-p1	0	0	0
cgd2_2170-RA-p1	0	0	0
cgd2_2190-RA-p1	0	0	0
cgd2_220-RA-p1	0	2.40187391	0
cgd2_2200-RA-p1	2.78638405	12.00936955	0
cgd2_2210-RA-p1	0	0	0
cgd2_2220-RA-p1	0	0	0
cgd2_2230-RA-p1	2.78638405	0	0
cgd2_2240-RA-p1	2.78638405	0	0
cgd2_2250-RA-p1	0	0	0
cgd2_2260-RA-p1	0	0	0
cgd2_2270-RA-p1	0	0	0
cgd2_2280-RA-p1	0	0	0
cgd2_2290-RA-p1	0	0	0
cgd2_230-RA-p1	0	0	0
cgd2_2310-RA-p1	2.78638405	0	0
cgd2_2320-RA-p1	0	0	0
cgd2_2330-RA-p1	0	0	0
cgd2_2340-RA-p1	2.78638405	2.40187391	0
cgd2_2350-RA-p1	16.7183043	4.803747821	0
cgd2_2360-RA-p1	0	0	0
cgd2_2380-RA-p1	0	7.205621731	0
cgd2_2390-RA-p1	0	0	0
cgd2_240-RA-p1	0	0	0
cgd2_2400-RA-p1	0	0	0
cgd2_2410-RA-p1	0	0	0
cgd2_2420-RA-p1	0	0	0
cgd2_2430-RA-p1	0	0	0
cgd2_2440-RA-p1	5.572768101	7.205621731	3.175834728
cgd2_2450-RA-p1	0	0	3.175834728
cgd2_2460-RA-p1	8.359152151	0	3.175834728
cgd2_2470-RA-p1	0	0	3.175834728
cgd2_2480-RA-p1	2.78638405	0	0
cgd2_2490-RA-p1	0	0	0
cgd2_250-RA-p1	5.572768101	9.607495641	3.175834728
cgd2_2500-RA-p1	2.78638405	2.40187391	0
cgd2_2520-RA-p1	0	0	0
cgd2_2530-RA-p1	0	2.40187391	0
cgd2_2540-RA-p1	5.572768101	28.82248692	12.70333891
cgd2_2550-RA-p1	0	2.40187391	3.175834728
cgd2_2560-RA-p1	0	0	0
cgd2_2570-RA-p1	2.78638405	0	6.351669456
cgd2_2580-RA-p1	0	7.205621731	3.175834728
cgd2_2610-RA-p1	2.78638405	0	0
cgd2_2620-RA-p1	0	0	0
cgd2_2630-RA-p1	0	0	0
cgd2_2640-RA-p1	0	2.40187391	0
cgd2_2650-RA-p1	0	0	0
cgd2_2660-RA-p1	0	0	0
cgd2_2670-RA-p1	0	0	0
cgd2_2680-RA-p1	0	0	0
cgd2_2690-RA-p1	0	0	0
cgd2_270-RA-p1	0	0	0
cgd2_2700-RA-p1	0	0	0
cgd2_2710-RA-p1	0	0	0
cgd2_2720-RA-p1	2.78638405	0	0
cgd2_2730-RA-p1	0	2.40187391	3.175834728
cgd2_2740-RA-p1	0	0	0
cgd2_2750-RA-p1	13.93192025	4.803747821	19.05500837
cgd2_2760-RA-p1	0	0	0
cgd2_2770-RA-p1	0	0	0
cgd2_2780-RA-p1	0	0	3.175834728
cgd2_2790-RA-p1	0	0	0
cgd2_280-RA-p1	25.07745645	21.61686519	22.2308431
cgd2_2800-RA-p1	0	0	0
cgd2_2810-RA-p1	0	0	0
cgd2_2820-RA-p1	0	0	0
cgd2_2830-RA-p1	0	0	0
cgd2_2840-RA-p1	0	0	0
cgd2_2860-RA-p1	5.572768101	0	0
cgd2_2870-RA-p1	19.50468835	9.607495641	15.87917364
cgd2_2880-RA-p1	0	2.40187391	0
cgd2_290-RA-p1	0	2.40187391	0
cgd2_2900-RA-p1	0	0	0
cgd2_2910-RA-p1	0	0	0
cgd2_2920-RA-p1	2.78638405	0	0
cgd2_2930-RA-p1	0	0	0
cgd2_2940-RA-p1	0	0	0
cgd2_2950-RA-p1	0	0	0
cgd2_2960-RA-p1	0	0	0
cgd2_2970-RA-p1	0	0	3.175834728
cgd2_2980-RA-p1	2.78638405	2.40187391	0
cgd2_2990-RA-p1	0	2.40187391	9.527504184
cgd2_30-RA-p1	0	0	0
cgd2_300-RA-p1	2.78638405	0	3.175834728
cgd2_3000-RA-p1	0	0	0
cgd2_3020-RA-p1	0	0	0
cgd2_3030-RA-p1	0	0	0
cgd2_3040-RA-p1	52.94129696	4.803747821	12.70333891
cgd2_3070-RA-p1	0	2.40187391	6.351669456
cgd2_3080-RA-p1	2.78638405	0	0
cgd2_3090-RA-p1	0	0	0
cgd2_310-RA-p1	0	0	0
cgd2_3100-RA-p1	0	0	0
cgd2_3110-RA-p1	0	0	3.175834728
cgd2_3150-RA-p1	2.78638405	0	3.175834728
cgd2_3160-RA-p1	2.78638405	0	0
cgd2_3170-RA-p1	0	0	0
cgd2_3180-RA-p1	0	0	0
cgd2_3190-RA-p1	0	0	0
cgd2_320-RA-p1	0	0	0
cgd2_3200-RA-p1	0	0	0
cgd2_3210-RA-p1	2.78638405	9.607495641	0
cgd2_3220-RA-p1	0	0	0
cgd2_3230-RA-p1	0	0	0
cgd2_3240-RA-p1	0	2.40187391	0
cgd2_3250-RA-p1	0	2.40187391	0
cgd2_3260-RA-p1	2.78638405	2.40187391	0
cgd2_3270-RA-p1	5.572768101	0	0
cgd2_3290-RA-p1	0	0	6.351669456
cgd2_330-RA-p1	0	0	0
cgd2_3300-RA-p1	0	0	0
cgd2_3310-RA-p1	0	0	0
cgd2_3320-RA-p1	0	2.40187391	6.351669456
cgd2_3330-RA-p1	0	0	0
cgd2_3340-RA-p1	0	0	0
cgd2_3350-RA-p1	0	7.205621731	0
cgd2_3360-RA-p1	0	4.803747821	0
cgd2_3370-RA-p1	0	0	0
cgd2_3380-RA-p1	0	0	0
cgd2_3390-RA-p1	0	0	0
cgd2_340-RA-p1	0	0	0
cgd2_3400-RA-p1	11.1455362	2.40187391	0
cgd2_3410-RA-p1	5.572768101	14.41124346	3.175834728
cgd2_3420-RA-p1	2.78638405	0	0
cgd2_3430-RA-p1	0	4.803747821	0
cgd2_3440-RA-p1	0	0	0
cgd2_3450-RA-p1	0	2.40187391	3.175834728
cgd2_3460-RA-p1	0	0	0
cgd2_3480-RA-p1	0	2.40187391	0
cgd2_3490-RA-p1	0	4.803747821	6.351669456
cgd2_350-RA-p1	0	2.40187391	3.175834728
cgd2_3510-RA-p1	0	0	3.175834728
cgd2_3530-RA-p1	0	0	0
cgd2_3540-RA-p1	2.78638405	4.803747821	6.351669456
cgd2_3550-RA-p1	0	0	0
cgd2_3560-RA-p1	2.78638405	0	0
cgd2_3570-RA-p1	0	0	0
cgd2_3580-RA-p1	0	0	0
cgd2_3585-RA-p1	13.93192025	16.81311737	25.40667783
cgd2_3590-RA-p1	2.78638405	2.40187391	3.175834728
cgd2_360-RA-p1	0	4.803747821	3.175834728
cgd2_3630-RA-p1	0	0	0
cgd2_3640-RA-p1	5.572768101	2.40187391	9.527504184
cgd2_3650-RA-p1	2.78638405	0	0
cgd2_3670-RA-p1	0	0	0
cgd2_3680-RA-p1	5.572768101	2.40187391	0
cgd2_3690-RA-p1	0	0	0
cgd2_370-RA-p1	0	0	0
cgd2_3700-RA-p1	0	0	0
cgd2_3710-RA-p1	0	0	0
cgd2_3720-RA-p1	0	0	0
cgd2_3730-RA-p1	2.78638405	12.00936955	0
cgd2_3740-RA-p1	0	0	0
cgd2_3750-RA-p1	0	0	0
cgd2_3760-RA-p1	0	2.40187391	0
cgd2_3770-RA-p1	5.572768101	2.40187391	3.175834728
cgd2_3780-RA-p1	0	0	0
cgd2_3790-RA-p1	0	0	0
cgd2_380-RA-p1	0	0	0
cgd2_3800-RA-p1	0	2.40187391	0
cgd2_3810-RA-p1	2.78638405	0	0
cgd2_3820-RA-p1	5.572768101	0	0
cgd2_3850-RA-p1	0	2.40187391	0
cgd2_3860-RA-p1	0	0	0
cgd2_3880-RA-p1	2.78638405	2.40187391	0
cgd2_3890-RA-p1	0	0	0
cgd2_390-RA-p1	0	2.40187391	0
cgd2_3900-RA-p1	0	2.40187391	3.175834728
cgd2_3910-RA-p1	0	0	3.175834728
cgd2_3920-RA-p1	2.78638405	2.40187391	9.527504184
cgd2_3930-RA-p1	0	0	0
cgd2_3940-RA-p1	0	0	0
cgd2_3950-RA-p1	0	4.803747821	0
cgd2_3960-RA-p1	0	0	0
cgd2_3970-RA-p1	5.572768101	0	0
cgd2_3980-RA-p1	0	0	3.175834728
cgd2_3990-RA-p1	2.78638405	2.40187391	3.175834728
cgd2_40-RA-p1	0	0	0
cgd2_400-RA-p1	0	0	0
cgd2_4000-RA-p1	0	0	0
cgd2_4020-RA-p1	0	0	6.351669456
cgd2_4030-RA-p1	0	0	0
cgd2_4040-RA-p1	0	0	0
cgd2_4050-RA-p1	5.572768101	2.40187391	0
cgd2_4060-RA-p1	0	2.40187391	0
cgd2_4080-RA-p1	0	0	3.175834728
cgd2_4090-RA-p1	0	0	3.175834728
cgd2_410-RA-p1	0	0	0
cgd2_4100-RA-p1	8.359152151	2.40187391	9.527504184
cgd2_4110-RA-p1	0	2.40187391	0
cgd2_4120-RA-p1	0	4.803747821	6.351669456
cgd2_4130-RA-p1	0	2.40187391	6.351669456
cgd2_4140-RA-p1	0	0	0
cgd2_4150-RA-p1	5.572768101	12.00936955	0
cgd2_4170-RA-p1	0	0	0
cgd2_4175-RA-p1	0	0	0
cgd2_4180-RA-p1	0	9.607495641	0
cgd2_420-RA-p1	2.78638405	0	0
cgd2_4200-RA-p1	0	0	0
cgd2_4210-RA-p1	5.572768101	0	0
cgd2_4220-RA-p1	0	0	0
cgd2_4230-RA-p1	0	0	0
cgd2_4240-RA-p1	0	0	0
cgd2_4250-RA-p1	0	0	0
cgd2_4260-RA-p1	11.1455362	4.803747821	3.175834728
cgd2_4270-RA-p1	0	0	0
cgd2_4280-RA-p1	0	0	0
cgd2_430-RA-p1	2.78638405	2.40187391	0
cgd2_4300-RA-p1	0	2.40187391	0
cgd2_4310-RA-p1	2.78638405	2.40187391	3.175834728
cgd2_4320-RA-p1	0	0	0
cgd2_4330-RA-p1	0	0	0
cgd2_4340-RA-p1	5.572768101	0	6.351669456
cgd2_4360-RA-p1	5.572768101	0	0
cgd2_4370-RA-p1	0	0	0
cgd2_4380-RA-p1	0	0	0
cgd2_440-RA-p1	0	0	0
cgd2_450-RA-p1	2.78638405	2.40187391	0
cgd2_470-RA-p1	0	2.40187391	3.175834728
cgd2_490-RA-p1	8.359152151	7.205621731	0
cgd2_50-RA-p1	2.78638405	0	0
cgd2_500-RA-p1	0	2.40187391	0
cgd2_510-RA-p1	5.572768101	0	3.175834728
cgd2_520-RA-p1	0	0	0
cgd2_530-RA-p1	0	0	0
cgd2_540-RA-p1	0	0	0
cgd2_550-RA-p1	2.78638405	2.40187391	0
cgd2_560-RA-p1	0	2.40187391	0
cgd2_570-RA-p1	0	0	0
cgd2_580-RA-p1	0	2.40187391	0
cgd2_60-RA-p1	80.80513746	48.03747821	38.11001674
cgd2_600-RA-p1	0	0	0
cgd2_610-RA-p1	0	2.40187391	0
cgd2_620-RA-p1	0	0	0
cgd2_630-RA-p1	44.58214481	19.21499128	12.70333891
cgd2_640-RA-p1	0	0	3.175834728
cgd2_660-RA-p1	0	2.40187391	0
cgd2_670-RA-p1	0	0	0
cgd2_680-RA-p1	0	4.803747821	0
cgd2_690-RA-p1	0	0	0
cgd2_70-RA-p1	8.359152151	0	3.175834728
cgd2_700-RA-p1	0	2.40187391	6.351669456
cgd2_710-RA-p1	0	2.40187391	0
cgd2_720-RA-p1	0	0	0
cgd2_730-RA-p1	0	0	0
cgd2_740-RA-p1	0	0	0
cgd2_750-RA-p1	0	0	0
cgd2_760-RA-p1	0	0	0
cgd2_770-RA-p1	5.572768101	0	0
cgd2_780-RA-p1	0	0	0
cgd2_790-RA-p1	153.2511228	55.24309994	22.2308431
cgd2_80-RA-p1	0	2.40187391	0
cgd2_800-RA-p1	5.572768101	7.205621731	3.175834728
cgd2_810-RA-p1	0	2.40187391	0
cgd2_820-RA-p1	0	0	0
cgd2_830-RA-p1	0	0	0
cgd2_840-RA-p1	2.78638405	0	3.175834728
cgd2_850-RA-p1	5.572768101	16.81311737	6.351669456
cgd2_860-RA-p1	0	0	0
cgd2_870-RA-p1	0	4.803747821	3.175834728
cgd2_880-RA-p1	0	0	0
cgd2_890-RA-p1	0	0	0
cgd2_90-RA-p1	0	2.40187391	3.175834728
cgd2_900-RA-p1	2.78638405	0	0
cgd2_910-RA-p1	13.93192025	12.00936955	0
cgd2_920-RA-p1	5.572768101	0	0
cgd2_930-RA-p1	2.78638405	4.803747821	3.175834728
cgd2_940-RA-p1	16.7183043	9.607495641	6.351669456
cgd2_960-RA-p1	0	0	3.175834728
cgd2_970-RA-p1	0	0	0
cgd2_980-RA-p1	0	0	0
cgd2_990-RA-p1	2.78638405	2.40187391	0
cgd3_10-RA-p1	0	0	0
cgd3_100-RA-p1	0	0	0
cgd3_1000-RA-p1	0	0	0
cgd3_1010-RA-p1	0	0	0
cgd3_1020-RA-p1	0	0	0
cgd3_1030-RA-p1	2.78638405	2.40187391	0
cgd3_1050-RA-p1	0	2.40187391	0
cgd3_1060-RA-p1	0	0	0
cgd3_1070-RA-p1	0	0	0
cgd3_1090-RA-p1	0	0	3.175834728
cgd3_110-RA-p1	0	0	0
cgd3_1100-RA-p1	5.572768101	2.40187391	0
cgd3_1110-RA-p1	2.78638405	0	0
cgd3_1140-RA-p1	0	0	0
cgd3_1150-RA-p1	0	2.40187391	0
cgd3_1160-RA-p1	0	4.803747821	3.175834728
cgd3_1170-RA-p1	0	0	3.175834728
cgd3_120-RA-p1	0	0	0
cgd3_1200-RA-p1	0	0	0
cgd3_1210-RA-p1	0	2.40187391	12.70333891
cgd3_1220-RA-p1	2.78638405	4.803747821	3.175834728
cgd3_1230-RA-p1	2.78638405	9.607495641	0
cgd3_1240-RA-p1	0	0	0
cgd3_1250-RA-p1	0	4.803747821	6.351669456
cgd3_1270-RA-p1	0	4.803747821	0
cgd3_1280-RA-p1	0	0	3.175834728
cgd3_1290-RA-p1	0	2.40187391	0
cgd3_130-RA-p1	0	0	0
cgd3_1300-RA-p1	2.78638405	0	3.175834728
cgd3_1310-RA-p1	0	0	0
cgd3_1320-RA-p1	0	0	0
cgd3_1330-RA-p1	0	0	0
cgd3_1340-RA-p1	0	0	0
cgd3_1350-RA-p1	0	0	0
cgd3_1360-RA-p1	0	0	0
cgd3_1370-RA-p1	0	0	0
cgd3_1380-RA-p1	0	2.40187391	3.175834728
cgd3_1390-RA-p1	0	0	0
cgd3_1410-RA-p1	13.93192025	4.803747821	3.175834728
cgd3_1420-RA-p1	0	0	0
cgd3_1430-RA-p1	0	0	3.175834728
cgd3_1450-RA-p1	0	0	0
cgd3_1460-RA-p1	8.359152151	2.40187391	0
cgd3_1470-RA-p1	2.78638405	2.40187391	0
cgd3_1480-RA-p1	2.78638405	0	0
cgd3_150-RA-p1	0	0	0
cgd3_1500-RA-p1	0	2.40187391	0
cgd3_1510-RA-p1	0	4.803747821	0
cgd3_1520-RA-p1	0	0	3.175834728
cgd3_1530-RA-p1	0	2.40187391	0
cgd3_1540-RA-p1	0	0	6.351669456
cgd3_1550-RA-p1	2.78638405	9.607495641	0
cgd3_1560-RA-p1	0	2.40187391	0
cgd3_1570-RA-p1	5.572768101	7.205621731	0
cgd3_1580-RA-p1	0	2.40187391	0
cgd3_1590-RA-p1	0	0	0
cgd3_160-RA-p1	0	0	0
cgd3_1600-RA-p1	0	0	0
cgd3_1610-RA-p1	0	0	0
cgd3_1620-RA-p1	0	2.40187391	0
cgd3_1630-RA-p1	0	0	0
cgd3_1640-RA-p1	0	0	0
cgd3_1650-RA-p1	2.78638405	0	3.175834728
cgd3_1670-RA-p1	2.78638405	2.40187391	0
cgd3_1680-RA-p1	0	0	3.175834728
cgd3_1690-RA-p1	0	7.205621731	0
cgd3_170-RA-p1	0	0	0
cgd3_1700-RA-p1	0	0	0
cgd3_1710-RA-p1	0	2.40187391	0
cgd3_1730-RA-p1	0	0	0
cgd3_1740-RA-p1	0	0	0
cgd3_1750-RA-p1	0	0	0
cgd3_1760-RA-p1	0	0	0
cgd3_1770-RA-p1	0	0	3.175834728
cgd3_1780-RA-p1	0	0	0
cgd3_1790-RA-p1	8.359152151	4.803747821	0
cgd3_180-RA-p1	11.1455362	2.40187391	0
cgd3_1800-RA-p1	2.78638405	0	0
cgd3_1810-RA-p1	0	0	0
cgd3_1820-RA-p1	2.78638405	2.40187391	3.175834728
cgd3_1830-RA-p1	0	0	3.175834728
cgd3_1840-RA-p1	0	0	0
cgd3_1850-RA-p1	2.78638405	4.803747821	0
cgd3_1870-RA-p1	0	0	0
cgd3_1880-RA-p1	0	0	3.175834728
cgd3_1890-RA-p1	8.359152151	4.803747821	9.527504184
cgd3_190-RA-p1	39.00937671	2.40187391	6.351669456
cgd3_1910-RA-p1	0	0	0
cgd3_1920-RA-p1	0	0	0
cgd3_1930-RA-p1	0	0	0
cgd3_1940-RA-p1	2.78638405	9.607495641	6.351669456
cgd3_1950-RA-p1	0	7.205621731	3.175834728
cgd3_1960-RA-p1	0	4.803747821	6.351669456
cgd3_1970-RA-p1	0	0	0
cgd3_1980-RA-p1	0	2.40187391	0
cgd3_1990-RA-p1	0	0	0
cgd3_20-RA-p1	0	2.40187391	0
cgd3_200-RA-p1	2.78638405	0	0
cgd3_2000-RA-p1	0	0	0
cgd3_2030-RA-p1	0	0	0
cgd3_2040-RA-p1	0	0	0
cgd3_2060-RA-p1	0	0	0
cgd3_2070-RA-p1	0	0	0
cgd3_2080-RA-p1	0	2.40187391	0
cgd3_2090-RA-p1	5.572768101	9.607495641	15.87917364
cgd3_210-RA-p1	0	4.803747821	0
cgd3_2100-RA-p1	2.78638405	2.40187391	3.175834728
cgd3_2110-RA-p1	2.78638405	4.803747821	3.175834728
cgd3_2120-RA-p1	2.78638405	4.803747821	0
cgd3_2130-RA-p1	2.78638405	0	0
cgd3_2140-RA-p1	2.78638405	4.803747821	3.175834728
cgd3_2150-RA-p1	0	0	0
cgd3_2160-RA-p1	0	0	0
cgd3_2170-RA-p1	0	0	0
cgd3_2180-RA-p1	0	2.40187391	3.175834728
cgd3_2190-RA-p1	0	0	0
cgd3_220-RA-p1	5.572768101	2.40187391	3.175834728
cgd3_2200-RA-p1	5.572768101	0	0
cgd3_2210-RA-p1	2.78638405	0	0
cgd3_2220-RA-p1	0	0	0
cgd3_2230-RA-p1	0	0	3.175834728
cgd3_2240-RA-p1	2.78638405	4.803747821	0
cgd3_2250-RA-p1	8.359152151	7.205621731	12.70333891
cgd3_2260-RA-p1	0	9.607495641	3.175834728
cgd3_2270-RA-p1	0	0	0
cgd3_2280-RA-p1	0	0	0
cgd3_230-RA-p1	0	2.40187391	0
cgd3_2300-RA-p1	0	0	0
cgd3_2310-RA-p1	0	0	0
cgd3_2320-RA-p1	0	2.40187391	0
cgd3_2330-RA-p1	2.78638405	4.803747821	3.175834728
cgd3_2340-RA-p1	0	0	0
cgd3_2350-RA-p1	0	0	0
cgd3_2360-RA-p1	0	2.40187391	0
cgd3_2380-RA-p1	0	0	0
cgd3_2390-RA-p1	0	2.40187391	0
cgd3_240-RA-p1	0	0	0
cgd3_2400-RA-p1	0	0	6.351669456
cgd3_2410-RA-p1	5.572768101	0	0
cgd3_2420-RA-p1	2.78638405	0	0
cgd3_2440-RA-p1	0	0	6.351669456
cgd3_2450-RA-p1	0	0	0
cgd3_2470-RA-p1	2.78638405	2.40187391	3.175834728
cgd3_2480-RA-p1	0	0	0
cgd3_250-RA-p1	5.572768101	0	3.175834728
cgd3_2510-RA-p1	0	0	0
cgd3_2520-RA-p1	0	0	0
cgd3_2530-RA-p1	2.78638405	0	0
cgd3_2540-RA-p1	2.78638405	4.803747821	0
cgd3_2550-RA-p1	0	4.803747821	0
cgd3_2560-RA-p1	0	0	0
cgd3_2570-RA-p1	0	0	0
cgd3_2580-RA-p1	0	0	9.527504184
cgd3_2590-RA-p1	0	0	0
cgd3_260-RA-p1	0	0	0
cgd3_2610-RA-p1	0	0	0
cgd3_2620-RA-p1	5.572768101	2.40187391	0
cgd3_2630-RA-p1	0	0	0
cgd3_2640-RA-p1	5.572768101	0	3.175834728
cgd3_2650-RA-p1	0	2.40187391	0
cgd3_2660-RA-p1	0	0	0
cgd3_2670-RA-p1	0	0	0
cgd3_2680-RA-p1	0	2.40187391	3.175834728
cgd3_2690-RA-p1	0	4.803747821	0
cgd3_270-RA-p1	0	0	0
cgd3_2710-RA-p1	5.572768101	7.205621731	9.527504184
cgd3_2730-RA-p1	0	0	0
cgd3_2740-RA-p1	0	0	0
cgd3_2750-RA-p1	0	2.40187391	0
cgd3_2770-RA-p1	0	0	0
cgd3_2780-RA-p1	0	2.40187391	0
cgd3_2790-RA-p1	0	2.40187391	0
cgd3_280-RA-p1	0	0	0
cgd3_2800-RA-p1	2.78638405	0	0
cgd3_2810-RA-p1	0	0	0
cgd3_2820-RA-p1	0	0	0
cgd3_2840-RA-p1	0	0	0
cgd3_2850-RA-p1	8.359152151	4.803747821	0
cgd3_2860-RA-p1	0	0	0
cgd3_2870-RA-p1	0	0	0
cgd3_2880-RA-p1	0	0	0
cgd3_2890-RA-p1	0	0	3.175834728
cgd3_2900-RA-p1	0	0	3.175834728
cgd3_2910-RA-p1	0	0	0
cgd3_2950-RA-p1	2.78638405	4.803747821	0
cgd3_2960-RA-p1	0	2.40187391	0
cgd3_2980-RA-p1	0	0	0
cgd3_2990-RA-p1	0	0	0
cgd3_300-RA-p1	0	0	0
cgd3_3000-RA-p1	0	0	0
cgd3_3010-RA-p1	0	0	0
cgd3_3020-RA-p1	0	0	0
cgd3_3030-RA-p1	0	0	0
cgd3_3040-RA-p1	2.78638405	0	0
cgd3_3050-RA-p1	0	2.40187391	12.70333891
cgd3_3060-RA-p1	0	0	0
cgd3_3070-RA-p1	0	2.40187391	0
cgd3_3080-RA-p1	0	0	0
cgd3_3090-RA-p1	2.78638405	0	0
cgd3_310-RA-p1	0	0	0
cgd3_3100-RA-p1	22.2910724	19.21499128	3.175834728
cgd3_3110-RA-p1	0	0	0
cgd3_3120-RA-p1	0	0	0
cgd3_3140-RA-p1	0	0	0
cgd3_3150-RA-p1	0	0	0
cgd3_3160-RA-p1	0	0	0
cgd3_3170-RA-p1	0	0	0
cgd3_3180-RA-p1	0	2.40187391	0
cgd3_3190-RA-p1	0	0	0
cgd3_320-RA-p1	0	0	0
cgd3_3200-RA-p1	0	0	0
cgd3_3210-RA-p1	0	0	0
cgd3_3230-RA-p1	2.78638405	0	0
cgd3_3240-RA-p1	2.78638405	0	0
cgd3_3250-RA-p1	0	0	0
cgd3_3270-RA-p1	2.78638405	0	0
cgd3_3280-RA-p1	2.78638405	2.40187391	6.351669456
cgd3_3290-RA-p1	0	0	0
cgd3_330-RA-p1	0	7.205621731	3.175834728
cgd3_3300-RA-p1	0	0	0
cgd3_3310-RA-p1	0	2.40187391	0
cgd3_3320-RA-p1	0	0	0
cgd3_3330-RA-p1	0	0	0
cgd3_3340-RA-p1	0	4.803747821	0
cgd3_335-RA-p1	0	0	3.175834728
cgd3_3350-RA-p1	0	4.803747821	0
cgd3_3360-RA-p1	0	2.40187391	0
cgd3_3370-RA-p1	11.1455362	60.04684776	22.2308431
cgd3_3380-RA-p1	5.572768101	4.803747821	3.175834728
cgd3_3390-RA-p1	0	0	0
cgd3_340-RA-p1	2.78638405	0	0
cgd3_3400-RA-p1	0	0	0
cgd3_3410-RA-p1	0	2.40187391	0
cgd3_3420-RA-p1	0	0	0
cgd3_3440-RA-p1	0	0	0
cgd3_3460-RA-p1	0	2.40187391	0
cgd3_3470-RA-p1	0	0	0
cgd3_3480-RA-p1	0	0	0
cgd3_3490-RA-p1	0	2.40187391	0
cgd3_350-RA-p1	0	2.40187391	3.175834728
cgd3_3500-RA-p1	0	0	0
cgd3_3510-RA-p1	2.78638405	7.205621731	0
cgd3_3520-RA-p1	2.78638405	0	3.175834728
cgd3_3530-RA-p1	0	0	0
cgd3_3550-RA-p1	0	4.803747821	0
cgd3_3560-RA-p1	0	0	0
cgd3_3570-RA-p1	0	0	0
cgd3_3580-RA-p1	2.78638405	0	3.175834728
cgd3_3590-RA-p1	2.78638405	2.40187391	0
cgd3_360-RA-p1	0	0	0
cgd3_3600-RA-p1	2.78638405	2.40187391	0
cgd3_3610-RA-p1	0	0	0
cgd3_3620-RA-p1	0	0	3.175834728
cgd3_3640-RA-p1	0	2.40187391	0
cgd3_3660-RA-p1	0	0	0
cgd3_3680-RA-p1	0	0	0
cgd3_3690-RA-p1	0	0	6.351669456
cgd3_370-RA-p1	0	2.40187391	0
cgd3_3700-RA-p1	0	0	0
cgd3_3710-RA-p1	0	0	0
cgd3_3720-RA-p1	0	0	0
cgd3_3730-RA-p1	0	0	3.175834728
cgd3_3750-RA-p1	2.78638405	0	0
cgd3_3760-RA-p1	0	0	0
cgd3_3770-RA-p1	0	4.803747821	0
cgd3_3780-RA-p1	0	0	0
cgd3_3790-RA-p1	0	0	0
cgd3_380-RA-p1	0	0	0
cgd3_3800-RA-p1	2.78638405	0	0
cgd3_3810-RA-p1	0	2.40187391	0
cgd3_3820-RA-p1	0	0	0
cgd3_3830-RA-p1	0	0	6.351669456
cgd3_3840-RA-p1	0	0	0
cgd3_3850-RA-p1	5.572768101	24.0187391	19.05500837
cgd3_3860-RA-p1	0	2.40187391	3.175834728
cgd3_3870-RA-p1	0	0	0
cgd3_3880-RA-p1	0	0	0
cgd3_3890-RA-p1	2.78638405	0	0
cgd3_390-RA-p1	2.78638405	0	0
cgd3_3900-RA-p1	2.78638405	0	3.175834728
cgd3_3910-RA-p1	0	2.40187391	0
cgd3_3920-RA-p1	0	4.803747821	0
cgd3_3930-RA-p1	0	4.803747821	0
cgd3_3940-RA-p1	0	0	0
cgd3_3950-RA-p1	0	0	0
cgd3_3960-RA-p1	0	0	0
cgd3_3970-RA-p1	0	2.40187391	0
cgd3_3980-RA-p1	0	0	0
cgd3_3990-RA-p1	0	0	0
cgd3_40-RA-p1	2.78638405	0	0
cgd3_400-RA-p1	0	0	3.175834728
cgd3_4000-RA-p1	0	0	0
cgd3_4010-RA-p1	0	0	0
cgd3_4020-RA-p1	2.78638405	4.803747821	0
cgd3_4030-RA-p1	2.78638405	0	6.351669456
cgd3_4040-RA-p1	2.78638405	0	0
cgd3_4060-RA-p1	0	7.205621731	0
cgd3_4070-RA-p1	0	0	0
cgd3_4080-RA-p1	0	0	0
cgd3_4090-RA-p1	2.78638405	0	0
cgd3_410-RA-p1	0	4.803747821	0
cgd3_4100-RA-p1	0	0	3.175834728
cgd3_4110-RA-p1	0	0	0
cgd3_4120-RA-p1	2.78638405	2.40187391	0
cgd3_4130-RA-p1	0	4.803747821	0
cgd3_4140-RA-p1	0	0	0
cgd3_4150-RA-p1	0	0	0
cgd3_4160-RA-p1	2.78638405	0	3.175834728
cgd3_4170-RA-p1	0	0	0
cgd3_4180-RA-p1	0	0	0
cgd3_4190-RA-p1	2.78638405	2.40187391	3.175834728
cgd3_420-RA-p1	0	0	0
cgd3_4200-RA-p1	2.78638405	0	0
cgd3_4210-RA-p1	0	2.40187391	0
cgd3_4220-RA-p1	2.78638405	0	0
cgd3_4240-RA-p1	0	0	0
cgd3_4250-RA-p1	0	4.803747821	0
cgd3_4260-RA-p1	0	0	0
cgd3_4270-RA-p1	0	0	0
cgd3_4290-RA-p1	0	0	0
cgd3_430-RA-p1	2.78638405	2.40187391	12.70333891
cgd3_4300-RA-p1	0	0	0
cgd3_4310-RA-p1	0	0	0
cgd3_4320-RA-p1	0	0	0
cgd3_4340-RA-p1	5.572768101	2.40187391	12.70333891
cgd3_4350-RA-p1	0	0	0
cgd3_4360-RA-p1	0	0	0
cgd3_450-RA-p1	0	0	0
cgd3_470-RA-p1	5.572768101	2.40187391	0
cgd3_480-RA-p1	0	0	0
cgd3_490-RA-p1	0	0	9.527504184
cgd3_50-RA-p1	0	0	0
cgd3_500-RA-p1	5.572768101	4.803747821	0
cgd3_510-RA-p1	0	0	0
cgd3_530-RA-p1	0	0	0
cgd3_540-RA-p1	0	0	0
cgd3_550-RA-p1	2.78638405	2.40187391	3.175834728
cgd3_560-RA-p1	0	4.803747821	3.175834728
cgd3_570-RA-p1	0	0	0
cgd3_580-RA-p1	0	0	0
cgd3_590-RA-p1	2.78638405	0	3.175834728
cgd3_60-RA-p1	2.78638405	0	0
cgd3_600-RA-p1	0	0	0
cgd3_605-RA-p1	2.78638405	0	0
cgd3_610-RA-p1	0	0	0
cgd3_630-RA-p1	0	2.40187391	0
cgd3_640-RA-p1	0	0	0
cgd3_650-RA-p1	0	0	0
cgd3_660-RA-p1	0	0	0
cgd3_670-RA-p1	0	0	0
cgd3_680-RA-p1	0	0	12.70333891
cgd3_690-RA-p1	0	2.40187391	0
cgd3_70-RA-p1	0	0	0
cgd3_710-RA-p1	0	0	9.527504184
cgd3_730-RA-p1	5.572768101	2.40187391	3.175834728
cgd3_740-RA-p1	0	0	0
cgd3_750-RA-p1	0	2.40187391	0
cgd3_760-RA-p1	11.1455362	0	0
cgd3_780-RA-p1	0	2.40187391	0
cgd3_80-RA-p1	0	2.40187391	0
cgd3_800-RA-p1	0	0	0
cgd3_810-RA-p1	2.78638405	4.803747821	3.175834728
cgd3_820-RA-p1	2.78638405	0	0
cgd3_830-RA-p1	0	0	0
cgd3_840-RA-p1	0	0	0
cgd3_850-RA-p1	2.78638405	0	3.175834728
cgd3_860-RA-p1	0	0	0
cgd3_865-RA-p1	0	0	0
cgd3_880-RA-p1	0	16.81311737	0
cgd3_890-RA-p1	0	0	0
cgd3_90-RA-p1	0	2.40187391	0
cgd3_900-RA-p1	0	0	0
cgd3_910-RA-p1	0	2.40187391	0
cgd3_920-RA-p1	11.1455362	9.607495641	9.527504184
cgd3_930-RA-p1	0	0	0
cgd3_950-RA-p1	0	2.40187391	0
cgd3_960-RA-p1	0	2.40187391	0
cgd3_970-RA-p1	0	7.205621731	6.351669456
cgd3_980-RA-p1	5.572768101	2.40187391	3.175834728
cgd3_990-RA-p1	0	0	0
cgd4_10-RA-p1	0	0	0
cgd4_1010-RA-p1	0	4.803747821	0
cgd4_1020-RA-p1	0	0	0
cgd4_1030-RA-p1	0	0	3.175834728
cgd4_1040-RA-p1	0	0	6.351669456
cgd4_1070-RA-p1	0	2.40187391	3.175834728
cgd4_1080-RA-p1	2.78638405	0	0
cgd4_1090-RA-p1	0	0	0
cgd4_110-RA-p1	0	2.40187391	3.175834728
cgd4_1100-RA-p1	2.78638405	16.81311737	3.175834728
cgd4_1110-RA-p1	0	0	0
cgd4_1120-RA-p1	0	0	0
cgd4_1160-RA-p1	0	0	0
cgd4_1170-RA-p1	0	0	3.175834728
cgd4_120-RA-p1	0	0	0
cgd4_1200-RA-p1	0	0	0
cgd4_1220-RA-p1	0	2.40187391	3.175834728
cgd4_1230-RA-p1	0	2.40187391	6.351669456
cgd4_1240-RA-p1	0	0	0
cgd4_1250-RA-p1	0	2.40187391	0
cgd4_1260-RA-p1	2.78638405	0	0
cgd4_1270-RA-p1	0	0	3.175834728
cgd4_1290-RA-p1	0	0	0
cgd4_1310-RA-p1	0	0	9.527504184
cgd4_1320-RA-p1	0	0	0
cgd4_1350-RA-p1	0	0	6.351669456
cgd4_1370-RA-p1	0	0	0
cgd4_1380-RA-p1	0	0	3.175834728
cgd4_1390-RA-p1	0	0	6.351669456
cgd4_140-RA-p1	0	0	0
cgd4_1400-RA-p1	0	2.40187391	0
cgd4_1410-RA-p1	2.78638405	0	6.351669456
cgd4_1420-RA-p1	0	0	0
cgd4_1430-RA-p1	0	0	0
cgd4_1460-RA-p1	2.78638405	0	6.351669456
cgd4_1470-RA-p1	8.359152151	2.40187391	3.175834728
cgd4_1480-RA-p1	2.78638405	2.40187391	0
cgd4_1490-RA-p1	0	0	0
cgd4_150-RA-p1	0	0	0
cgd4_1500-RA-p1	0	2.40187391	0
cgd4_1510-RA-p1	0	2.40187391	0
cgd4_1530-RA-p1	0	0	3.175834728
cgd4_1540-RA-p1	2.78638405	0	0
cgd4_1550-RA-p1	0	0	0
cgd4_1555-RA-p1	0	0	3.175834728
cgd4_1556-RA-p1	0	0	0
cgd4_1560-RA-p1	0	0	0
cgd4_1570-RA-p1	0	0	0
cgd4_1580-RA-p1	2.78638405	4.803747821	0
cgd4_1590-RA-p1	0	0	3.175834728
cgd4_160-RA-p1	0	0	3.175834728
cgd4_1600-RA-p1	0	0	0
cgd4_1610-RA-p1	0	0	0
cgd4_1625-RA-p1	0	0	0
cgd4_1630-RA-p1	0	2.40187391	0
cgd4_1640-RA-p1	0	4.803747821	0
cgd4_1650-RA-p1	2.78638405	2.40187391	6.351669456
cgd4_1660-RA-p1	0	0	0
cgd4_1670-RA-p1	0	0	0
cgd4_1680-RA-p1	0	0	0
cgd4_1690-RA-p1	2.78638405	2.40187391	3.175834728
cgd4_170-RA-p1	0	0	0
cgd4_1700-RA-p1	2.78638405	4.803747821	3.175834728
cgd4_1710-RA-p1	0	0	0
cgd4_1730-RA-p1	8.359152151	0	0
cgd4_1770-RA-p1	2.78638405	0	3.175834728
cgd4_1780-RA-p1	0	0	0
cgd4_1790-RA-p1	0	0	0
cgd4_180-RA-p1	0	0	0
cgd4_1800-RA-p1	2.78638405	0	0
cgd4_1820-RA-p1	0	0	3.175834728
cgd4_1830-RA-p1	0	2.40187391	0
cgd4_1840-RA-p1	0	0	0
cgd4_1850-RA-p1	0	0	0
cgd4_1860-RA-p1	2.78638405	0	0
cgd4_1870-RA-p1	0	2.40187391	0
cgd4_1880-RA-p1	11.1455362	4.803747821	6.351669456
cgd4_1890-RA-p1	0	0	3.175834728
cgd4_190-RA-p1	0	0	0
cgd4_1910-RA-p1	147.6783547	55.24309994	63.51669456
cgd4_1920-RA-p1	2.78638405	0	0
cgd4_1930-RA-p1	0	2.40187391	0
cgd4_1940-RA-p1	13.93192025	12.00936955	3.175834728
cgd4_1950-RA-p1	2.78638405	0	0
cgd4_1970-RA-p1	0	2.40187391	3.175834728
cgd4_1980-RA-p1	0	0	0
cgd4_1990-RA-p1	0	7.205621731	0
cgd4_200-RA-p1	0	12.00936955	19.05500837
cgd4_2000-RA-p1	0	2.40187391	3.175834728
cgd4_2010-RA-p1	0	0	0
cgd4_2020-RA-p1	0	0	0
cgd4_2025-RA-p1	0	0	0
cgd4_2030-RA-p1	0	0	0
cgd4_2040-RA-p1	0	0	0
cgd4_2050-RA-p1	0	0	0
cgd4_2060-RA-p1	0	2.40187391	0
cgd4_2080-RA-p1	0	0	0
cgd4_2090-RA-p1	5.572768101	2.40187391	0
cgd4_210-RA-p1	0	0	0
cgd4_2100-RA-p1	0	0	0
cgd4_2110-RA-p1	19.50468835	9.607495641	3.175834728
cgd4_2120-RA-p1	0	0	0
cgd4_2130-RA-p1	0	0	0
cgd4_2140-RA-p1	8.359152151	0	0
cgd4_2150-RA-p1	0	0	0
cgd4_2160-RA-p1	0	0	0
cgd4_2170-RA-p1	0	0	0
cgd4_2180-RA-p1	0	0	0
cgd4_2190-RA-p1	0	0	0
cgd4_220-RA-p1	0	0	6.351669456
cgd4_2200-RA-p1	0	2.40187391	0
cgd4_2210-RA-p1	0	0	0
cgd4_2220-RA-p1	0	2.40187391	3.175834728
cgd4_2230-RA-p1	0	0	0
cgd4_2240-RA-p1	0	0	0
cgd4_2250-RA-p1	0	0	0
cgd4_2260-RA-p1	8.359152151	2.40187391	3.175834728
cgd4_2270-RA-p1	0	0	3.175834728
cgd4_2280-RA-p1	0	0	0
cgd4_2290-RA-p1	0	0	0
cgd4_230-RA-p1	0	0	0
cgd4_2300-RA-p1	0	2.40187391	0
cgd4_2320-RA-p1	0	0	0
cgd4_2330-RA-p1	0	0	0
cgd4_2350-RA-p1	0	0	0
cgd4_2360-RA-p1	2.78638405	0	0
cgd4_2370-RA-p1	0	0	3.175834728
cgd4_2380-RA-p1	0	0	3.175834728
cgd4_2385-RA-p1	0	0	0
cgd4_2390-RA-p1	2.78638405	0	0
cgd4_240-RA-p1	0	4.803747821	0
cgd4_2400-RA-p1	2.78638405	4.803747821	3.175834728
cgd4_2420-RA-p1	0	0	0
cgd4_2460-RA-p1	5.572768101	0	0
cgd4_2470-RA-p1	0	4.803747821	0
cgd4_2480-RA-p1	2.78638405	0	15.87917364
cgd4_2490-RA-p1	0	0	0
cgd4_250-RA-p1	0	0	0
cgd4_2510-RA-p1	0	0	0
cgd4_2520-RA-p1	0	2.40187391	0
cgd4_2530-RA-p1	0	0	0
cgd4_2540-RA-p1	2.78638405	0	0
cgd4_2550-RA-p1	2.78638405	0	0
cgd4_2560-RA-p1	0	4.803747821	0
cgd4_2570-RA-p1	0	0	0
cgd4_2575-RA-p1	0	0	0
cgd4_2580-RA-p1	0	0	0
cgd4_2590-RA-p1	0	0	0
cgd4_260-RA-p1	2.78638405	0	0
cgd4_2600-RA-p1	13.93192025	4.803747821	3.175834728
cgd4_2610-RA-p1	0	0	0
cgd4_2620-RA-p1	2.78638405	0	0
cgd4_2630-RA-p1	0	0	3.175834728
cgd4_2640-RA-p1	0	2.40187391	0
cgd4_2650-RA-p1	0	0	0
cgd4_2660-RA-p1	0	0	0
cgd4_2670-RA-p1	0	0	0
cgd4_2690-RA-p1	0	0	0
cgd4_270-RA-p1	0	0	3.175834728
cgd4_2700-RA-p1	2.78638405	0	0
cgd4_2710-RA-p1	0	0	0
cgd4_2720-RA-p1	33.43660861	28.82248692	63.51669456
cgd4_2730-RA-p1	2.78638405	0	0
cgd4_2740-RA-p1	2.78638405	0	0
cgd4_2750-RA-p1	0	2.40187391	0
cgd4_2770-RA-p1	0	7.205621731	3.175834728
cgd4_2780-RA-p1	0	0	0
cgd4_2790-RA-p1	0	0	0
cgd4_280-RA-p1	0	0	0
cgd4_2800-RA-p1	0	0	0
cgd4_2810-RA-p1	0	0	0
cgd4_2820-RA-p1	0	0	3.175834728
cgd4_2830-RA-p1	2.78638405	0	0
cgd4_2840-RA-p1	0	0	0
cgd4_2850-RA-p1	0	0	0
cgd4_2860-RA-p1	13.93192025	9.607495641	28.58251255
cgd4_2870-RA-p1	0	2.40187391	0
cgd4_2880-RA-p1	0	0	0
cgd4_2890-RA-p1	0	0	0
cgd4_290-RA-p1	0	0	0
cgd4_2900-RA-p1	2.78638405	4.803747821	3.175834728
cgd4_2910-RA-p1	0	0	0
cgd4_2920-RA-p1	0	2.40187391	3.175834728
cgd4_2930-RA-p1	0	0	0
cgd4_2940-RA-p1	0	0	3.175834728
cgd4_2950-RA-p1	0	0	0
cgd4_2960-RA-p1	0	0	0
cgd4_2970-RA-p1	0	0	0
cgd4_2980-RA-p1	8.359152151	9.607495641	0
cgd4_2990-RA-p1	0	2.40187391	0
cgd4_30-RA-p1	0	0	0
cgd4_300-RA-p1	0	2.40187391	0
cgd4_3000-RA-p1	0	0	0
cgd4_3010-RA-p1	2.78638405	0	0
cgd4_3030-RA-p1	0	0	0
cgd4_3040-RA-p1	0	0	0
cgd4_3050-RA-p1	8.359152151	4.803747821	3.175834728
cgd4_3070-RA-p1	5.572768101	7.205621731	15.87917364
cgd4_3080-RA-p1	8.359152151	2.40187391	6.351669456
cgd4_3090-RA-p1	2.78638405	7.205621731	6.351669456
cgd4_3100-RA-p1	0	0	3.175834728
cgd4_3110-RA-p1	0	0	3.175834728
cgd4_3120-RA-p1	0	0	0
cgd4_3130-RA-p1	13.93192025	2.40187391	6.351669456
cgd4_3140-RA-p1	2.78638405	0	0
cgd4_3150-RA-p1	2.78638405	0	3.175834728
cgd4_3160-RA-p1	11.1455362	0	3.175834728
cgd4_3180-RA-p1	2.78638405	2.40187391	0
cgd4_3190-RA-p1	0	2.40187391	0
cgd4_32-RA-p1	0	0	0
cgd4_320-RA-p1	0	2.40187391	0
cgd4_3200-RA-p1	0	0	0
cgd4_3210-RA-p1	0	0	0
cgd4_3220-RA-p1	8.359152151	28.82248692	9.527504184
cgd4_3230-RA-p1	0	2.40187391	0
cgd4_3250-RA-p1	2.78638405	0	0
cgd4_3260-RA-p1	5.572768101	4.803747821	0
cgd4_3270-RA-p1	0	0	0
cgd4_3280-RA-p1	2.78638405	2.40187391	0
cgd4_3290-RA-p1	2.78638405	0	0
cgd4_330-RA-p1	0	0	0
cgd4_3300-RA-p1	11.1455362	14.41124346	0
cgd4_3310-RA-p1	2.78638405	0	0
cgd4_3320-RA-p1	2.78638405	0	6.351669456
cgd4_3330-RA-p1	2.78638405	7.205621731	0
cgd4_3340-RA-p1	0	0	3.175834728
cgd4_3350-RA-p1	0	2.40187391	3.175834728
cgd4_3360-RA-p1	0	0	3.175834728
cgd4_3370-RA-p1	0	0	0
cgd4_3380-RA-p1	0	0	0
cgd4_3390-RA-p1	0	0	0
cgd4_3400-RA-p1	0	0	9.527504184
cgd4_3410-RA-p1	2.78638405	0	0
cgd4_3420-RA-p1	0	0	0
cgd4_3430-RA-p1	5.572768101	26.42061301	19.05500837
cgd4_3440-RA-p1	0	2.40187391	0
cgd4_3450-RA-p1	0	0	0
cgd4_3460-RA-p1	5.572768101	9.607495641	6.351669456
cgd4_3470-RA-p1	0	0	0
cgd4_3480-RA-p1	11.1455362	2.40187391	0
cgd4_350-RA-p1	0	0	0
cgd4_3520-RA-p1	0	0	0
cgd4_3530-RA-p1	0	2.40187391	0
cgd4_3540-RA-p1	2.78638405	12.00936955	0
cgd4_3550-RA-p1	8.359152151	4.803747821	6.351669456
cgd4_3560-RA-p1	0	2.40187391	0
cgd4_3570-RA-p1	0	0	0
cgd4_3580-RA-p1	0	0	0
cgd4_360-RA-p1	0	0	0
cgd4_3600-RA-p1	0	0	0
cgd4_3610-RA-p1	5.572768101	0	3.175834728
cgd4_3620-RA-p1	16.7183043	112.8880738	28.58251255
cgd4_3630-RA-p1	0	7.205621731	3.175834728
cgd4_3640-RA-p1	0	0	0
cgd4_3670-RA-p1	0	7.205621731	0
cgd4_3690-RA-p1	2.78638405	0	0
cgd4_370-RA-p1	0	2.40187391	0
cgd4_3700-RA-p1	2.78638405	0	3.175834728
cgd4_3710-RA-p1	0	2.40187391	3.175834728
cgd4_3720-RA-p1	0	0	0
cgd4_3730-RA-p1	0	0	0
cgd4_3750-RA-p1	0	2.40187391	6.351669456
cgd4_3760-RA-p1	0	0	0
cgd4_3770-RA-p1	0	0	0
cgd4_3780-RA-p1	0	0	0
cgd4_3790-RA-p1	0	0	0
cgd4_380-RA-p1	0	0	0
cgd4_3800-RA-p1	2.78638405	0	0
cgd4_3810-RA-p1	0	0	0
cgd4_3820-RA-p1	0	2.40187391	0
cgd4_3840-RA-p1	0	0	0
cgd4_3850-RA-p1	0	0	0
cgd4_3860-RA-p1	0	0	0
cgd4_3880-RA-p1	0	0	0
cgd4_3900-RA-p1	0	0	0
cgd4_3910-RA-p1	0	2.40187391	0
cgd4_3930-RA-p1	2.78638405	0	0
cgd4_3940-RA-p1	0	0	3.175834728
cgd4_3950-RA-p1	0	0	0
cgd4_3960-RA-p1	2.78638405	0	3.175834728
cgd4_3970-RA-p1	0	0	6.351669456
cgd4_3980-RA-p1	0	0	0
cgd4_3990-RA-p1	0	0	0
cgd4_40-RA-p1	5.572768101	0	6.351669456
cgd4_4000-RA-p1	0	0	0
cgd4_4020-RA-p1	0	4.803747821	6.351669456
cgd4_4030-RA-p1	0	2.40187391	0
cgd4_4040-RA-p1	13.93192025	7.205621731	3.175834728
cgd4_4060-RA-p1	0	0	6.351669456
cgd4_4080-RA-p1	0	2.40187391	3.175834728
cgd4_4090-RA-p1	0	0	3.175834728
cgd4_410-RA-p1	0	0	3.175834728
cgd4_4100-RA-p1	0	0	0
cgd4_4110-RA-p1	0	0	0
cgd4_4120-RA-p1	5.572768101	9.607495641	3.175834728
cgd4_4130-RA-p1	0	0	0
cgd4_4140-RA-p1	0	0	0
cgd4_4150-RA-p1	0	0	3.175834728
cgd4_420-RA-p1	2.78638405	0	6.351669456
cgd4_4210-RA-p1	0	0	0
cgd4_4230-RA-p1	0	4.803747821	0
cgd4_4240-RA-p1	0	0	0
cgd4_4250-RA-p1	2.78638405	0	0
cgd4_4260-RA-p1	2.78638405	0	0
cgd4_4290-RA-p1	0	0	3.175834728
cgd4_430-RA-p1	0	0	0
cgd4_4300-RA-p1	0	0	0
cgd4_4310-RA-p1	2.78638405	2.40187391	0
cgd4_4320-RA-p1	0	2.40187391	3.175834728
cgd4_4330-RA-p1	0	2.40187391	0
cgd4_4340-RA-p1	0	0	0
cgd4_4350-RA-p1	0	0	0
cgd4_4360-RA-p1	0	0	0
cgd4_4370-RA-p1	0	0	0
cgd4_4390-RA-p1	0	0	0
cgd4_440-RA-p1	0	2.40187391	0
cgd4_4410-RA-p1	0	0	0
cgd4_4420-RA-p1	0	0	0
cgd4_4430-RA-p1	0	0	0
cgd4_4440-RA-p1	0	0	0
cgd4_4450-RA-p1	0	0	0
cgd4_4460-RA-p1	0	2.40187391	3.175834728
cgd4_4470-RA-p1	0	0	0
cgd4_4480-RA-p1	0	0	0
cgd4_4490-RA-p1	0	2.40187391	0
cgd4_450-RA-p1	0	0	0
cgd4_4500-RA-p1	2.78638405	0	0
cgd4_470-RA-p1	0	14.41124346	0
cgd4_480-RA-p1	0	7.205621731	6.351669456
cgd4_490-RA-p1	2.78638405	2.40187391	0
cgd4_50-RA-p1	0	0	0
cgd4_500-RA-p1	5.572768101	7.205621731	0
cgd4_510-RA-p1	5.572768101	0	3.175834728
cgd4_520-RA-p1	0	2.40187391	0
cgd4_530-RA-p1	2.78638405	0	0
cgd4_540-RA-p1	0	0	0
cgd4_550-RA-p1	2.78638405	2.40187391	0
cgd4_560-RA-p1	2.78638405	0	3.175834728
cgd4_580-RA-p1	0	0	0
cgd4_590-RA-p1	0	0	0
cgd4_60-RA-p1	2.78638405	2.40187391	0
cgd4_600-RA-p1	2.78638405	0	0
cgd4_610-RA-p1	0	0	0
cgd4_620-RA-p1	0	0	0
cgd4_630-RA-p1	2.78638405	0	0
cgd4_640-RA-p1	0	4.803747821	0
cgd4_650-RA-p1	0	2.40187391	0
cgd4_660-RA-p1	2.78638405	2.40187391	6.351669456
cgd4_670-RA-p1	0	7.205621731	3.175834728
cgd4_680-RA-p1	5.572768101	9.607495641	9.527504184
cgd4_690-RA-p1	11.1455362	4.803747821	0
cgd4_700-RA-p1	0	2.40187391	3.175834728
cgd4_710-RA-p1	8.359152151	0	0
cgd4_720-RA-p1	0	0	0
cgd4_740-RA-p1	5.572768101	0	0
cgd4_760-RA-p1	2.78638405	2.40187391	0
cgd4_770-RA-p1	0	2.40187391	0
cgd4_780-RA-p1	0	9.607495641	6.351669456
cgd4_80-RA-p1	2.78638405	0	0
cgd4_800-RA-p1	0	0	0
cgd4_810-RA-p1	2.78638405	0	0
cgd4_820-RA-p1	0	0	0
cgd4_830-RA-p1	0	0	3.175834728
cgd4_840-RA-p1	0	4.803747821	6.351669456
cgd4_850-RA-p1	2.78638405	4.803747821	9.527504184
cgd4_860-RA-p1	0	0	0
cgd4_870-RA-p1	0	0	0
cgd4_880-RA-p1	0	7.205621731	0
cgd4_890-RA-p1	0	0	0
cgd4_90-RA-p1	0	0	0
cgd4_900-RA-p1	0	0	0
cgd4_920-RA-p1	0	0	0
cgd4_930-RA-p1	0	0	0
cgd4_940-RA-p1	0	0	0
cgd4_950-RA-p1	0	0	0
cgd4_960-RA-p1	0	0	0
cgd4_970-RA-p1	0	0	0
cgd4_980-RA-p1	2.78638405	4.803747821	0
cgd5_10-RA-p1	0	7.205621731	38.11001674
cgd5_100-RA-p1	0	0	0
cgd5_1000-RA-p1	0	0	0
cgd5_1010-RA-p1	11.1455362	7.205621731	6.351669456
cgd5_1020-RA-p1	0	0	0
cgd5_1030-RA-p1	0	4.803747821	3.175834728
cgd5_1050-RA-p1	0	0	0
cgd5_1060-RA-p1	0	0	3.175834728
cgd5_1070-RA-p1	0	0	0
cgd5_1080-RA-p1	0	0	0
cgd5_110-RA-p1	0	0	3.175834728
cgd5_1100-RA-p1	0	0	0
cgd5_1120-RA-p1	0	0	0
cgd5_1130-RA-p1	0	0	0
cgd5_1140-RA-p1	0	0	0
cgd5_1150-RA-p1	0	0	0
cgd5_1160-RA-p1	0	0	0
cgd5_1170-RA-p1	0	0	0
cgd5_1190-RA-p1	0	0	0
cgd5_120-RA-p1	0	0	0
cgd5_1200-RA-p1	0	0	0
cgd5_1210-RA-p1	19.50468835	0	3.175834728
cgd5_1230-RA-p1	0	2.40187391	3.175834728
cgd5_1240-RA-p1	5.572768101	2.40187391	0
cgd5_1260-RA-p1	0	0	0
cgd5_1270-RA-p1	0	0	0
cgd5_1280-RA-p1	0	2.40187391	0
cgd5_130-RA-p1	5.572768101	0	0
cgd5_1300-RA-p1	0	0	0
cgd5_1310-RA-p1	0	0	0
cgd5_1330-RA-p1	2.78638405	2.40187391	0
cgd5_1340-RA-p1	0	0	0
cgd5_1360-RA-p1	0	0	0
cgd5_1370-RA-p1	22.2910724	4.803747821	25.40667783
cgd5_1390-RA-p1	0	0	0
cgd5_140-RA-p1	0	0	3.175834728
cgd5_1400-RA-p1	0	0	0
cgd5_1410-RA-p1	0	0	6.351669456
cgd5_1420-RA-p1	0	0	3.175834728
cgd5_1440-RA-p1	0	12.00936955	6.351669456
cgd5_1450-RA-p1	0	0	6.351669456
cgd5_1460-RA-p1	0	0	0
cgd5_1470-RA-p1	25.07745645	38.42998257	60.34085983
cgd5_1480-RA-p1	2.78638405	0	0
cgd5_1490-RA-p1	0	0	0
cgd5_150-RA-p1	0	4.803747821	3.175834728
cgd5_1500-RA-p1	0	0	0
cgd5_1510-RA-p1	16.7183043	31.22436083	3.175834728
cgd5_1530-RA-p1	0	0	0
cgd5_1540-RA-p1	0	0	0
cgd5_1550-RA-p1	0	0	0
cgd5_1560-RA-p1	0	2.40187391	0
cgd5_1570-RA-p1	0	0	0
cgd5_1580-RA-p1	13.93192025	14.41124346	6.351669456
cgd5_1590-RA-p1	0	0	0
cgd5_160-RA-p1	0	2.40187391	0
cgd5_1600-RA-p1	0	0	0
cgd5_1620-RA-p1	0	2.40187391	0
cgd5_1630-RA-p1	0	0	0
cgd5_1640-RA-p1	0	2.40187391	0
cgd5_1650-RA-p1	2.78638405	0	0
cgd5_1670-RA-p1	11.1455362	9.607495641	3.175834728
cgd5_1680-RA-p1	0	0	0
cgd5_1690-RA-p1	0	0	0
cgd5_170-RA-p1	2.78638405	0	0
cgd5_1700-RA-p1	0	0	0
cgd5_1710-RA-p1	5.572768101	0	0
cgd5_1720-RA-p1	0	0	3.175834728
cgd5_1730-RA-p1	2.78638405	0	0
cgd5_1740-RA-p1	0	0	3.175834728
cgd5_1750-RA-p1	8.359152151	4.803747821	3.175834728
cgd5_1760-RA-p1	2.78638405	0	0
cgd5_1770-RA-p1	0	0	0
cgd5_1780-RA-p1	0	9.607495641	0
cgd5_1790-RA-p1	0	0	0
cgd5_180-RA-p1	0	0	0
cgd5_1800-RA-p1	0	0	3.175834728
cgd5_1810-RA-p1	0	2.40187391	0
cgd5_1820-RA-p1	0	0	0
cgd5_1830-RA-p1	0	0	0
cgd5_1840-RA-p1	0	0	0
cgd5_1850-RA-p1	0	0	0
cgd5_1860-RA-p1	0	0	0
cgd5_1880-RA-p1	0	0	0
cgd5_1890-RA-p1	0	0	0
cgd5_1900-RA-p1	0	0	0
cgd5_1910-RA-p1	0	2.40187391	3.175834728
cgd5_1920-RA-p1	0	0	0
cgd5_1940-RA-p1	0	7.205621731	6.351669456
cgd5_1950-RA-p1	0	0	0
cgd5_1960-RA-p1	5.572768101	2.40187391	0
cgd5_1970-RA-p1	0	0	0
cgd5_1980-RA-p1	0	2.40187391	0
cgd5_1990-RA-p1	0	0	0
cgd5_20-RA-p1	0	0	0
cgd5_200-RA-p1	0	0	0
cgd5_2000-RA-p1	0	0	0
cgd5_2010-RA-p1	0	0	0
cgd5_2020-RA-p1	2.78638405	0	0
cgd5_2030-RA-p1	0	0	0
cgd5_2040-RA-p1	0	0	0
cgd5_2050-RA-p1	2.78638405	2.40187391	3.175834728
cgd5_2060-RA-p1	5.572768101	12.00936955	12.70333891
cgd5_2070-RA-p1	2.78638405	2.40187391	0
cgd5_2080-RA-p1	0	0	0
cgd5_210-RA-p1	2.78638405	0	0
cgd5_2100-RA-p1	2.78638405	0	3.175834728
cgd5_2110-RA-p1	0	0	0
cgd5_2120-RA-p1	0	0	0
cgd5_2130-RA-p1	0	0	0
cgd5_2140-RA-p1	2.78638405	0	0
cgd5_2150-RA-p1	0	2.40187391	0
cgd5_2160-RA-p1	0	2.40187391	3.175834728
cgd5_2170-RA-p1	0	2.40187391	0
cgd5_2180-RA-p1	0	14.41124346	9.527504184
cgd5_2190-RA-p1	0	2.40187391	0
cgd5_2200-RA-p1	0	2.40187391	0
cgd5_2210-RA-p1	2.78638405	4.803747821	12.70333891
cgd5_2220-RA-p1	0	0	0
cgd5_2230-RA-p1	0	0	0
cgd5_2240-RA-p1	0	0	0
cgd5_2250-RA-p1	2.78638405	2.40187391	12.70333891
cgd5_2260-RA-p1	41.79576076	16.81311737	41.28585147
cgd5_2270-RA-p1	2.78638405	0	0
cgd5_2280-RA-p1	0	0	3.175834728
cgd5_230-RA-p1	0	0	0
cgd5_2300-RA-p1	0	0	0
cgd5_2310-RA-p1	0	0	0
cgd5_2316-RA-p1	0	0	0
cgd5_2330-RA-p1	2.78638405	2.40187391	3.175834728
cgd5_2340-RA-p1	0	2.40187391	0
cgd5_2350-RA-p1	0	0	0
cgd5_2360-RA-p1	0	0	0
cgd5_2370-RA-p1	8.359152151	9.607495641	9.527504184
cgd5_2380-RA-p1	0	2.40187391	0
cgd5_2390-RA-p1	0	0	0
cgd5_240-RA-p1	0	0	0
cgd5_2410-RA-p1	5.572768101	2.40187391	0
cgd5_2420-RA-p1	0	0	0
cgd5_2430-RA-p1	0	0	0
cgd5_2440-RA-p1	0	0	0
cgd5_2450-RA-p1	0	2.40187391	0
cgd5_2460-RA-p1	0	2.40187391	6.351669456
cgd5_2470-RA-p1	0	0	0
cgd5_2480-RA-p1	0	0	0
cgd5_2490-RA-p1	2.78638405	0	0
cgd5_250-RA-p1	2.78638405	7.205621731	6.351669456
cgd5_2500-RA-p1	5.572768101	4.803747821	0
cgd5_2530-RA-p1	0	0	0
cgd5_2570-RA-p1	0	2.40187391	0
cgd5_2580-RA-p1	0	2.40187391	0
cgd5_2590-RA-p1	0	0	0
cgd5_2600-RA-p1	2.78638405	2.40187391	0
cgd5_2610-RA-p1	0	0	0
cgd5_2620-RA-p1	0	2.40187391	0
cgd5_2630-RA-p1	0	0	0
cgd5_2640-RA-p1	0	0	0
cgd5_2670-RA-p1	13.93192025	4.803747821	6.351669456
cgd5_2710-RA-p1	0	0	0
cgd5_2720-RA-p1	0	2.40187391	0
cgd5_2730-RA-p1	2.78638405	0	0
cgd5_2740-RA-p1	2.78638405	4.803747821	0
cgd5_2750-RA-p1	5.572768101	2.40187391	0
cgd5_2760-RA-p1	2.78638405	7.205621731	0
cgd5_2770-RA-p1	2.78638405	0	0
cgd5_2780-RA-p1	5.572768101	0	0
cgd5_2790-RA-p1	0	0	0
cgd5_280-RA-p1	0	2.40187391	0
cgd5_2800-RA-p1	0	0	0
cgd5_2810-RA-p1	0	0	0
cgd5_2820-RA-p1	0	0	0
cgd5_2830-RA-p1	0	2.40187391	0
cgd5_2840-RA-p1	2.78638405	12.00936955	3.175834728
cgd5_2850-RA-p1	0	2.40187391	0
cgd5_2860-RA-p1	0	0	0
cgd5_2870-RA-p1	2.78638405	0	0
cgd5_2890-RA-p1	0	0	0
cgd5_2900-RA-p1	0	0	0
cgd5_2910-RA-p1	2.78638405	0	3.175834728
cgd5_2930-RA-p1	0	2.40187391	3.175834728
cgd5_2940-RA-p1	0	0	0
cgd5_2950-RA-p1	0	2.40187391	3.175834728
cgd5_2960-RA-p1	0	0	3.175834728
cgd5_2970-RA-p1	0	0	3.175834728
cgd5_2980-RA-p1	5.572768101	7.205621731	0
cgd5_2990-RA-p1	0	0	0
cgd5_30-RA-p1	2.78638405	0	0
cgd5_300-RA-p1	0	2.40187391	0
cgd5_3000-RA-p1	0	0	0
cgd5_3010-RA-p1	0	0	0
cgd5_3020-RA-p1	0	0	0
cgd5_3030-RA-p1	2.78638405	0	0
cgd5_3040-RA-p1	2.78638405	4.803747821	3.175834728
cgd5_3050-RA-p1	0	0	3.175834728
cgd5_3060-RA-p1	2.78638405	0	0
cgd5_3080-RA-p1	0	7.205621731	0
cgd5_3090-RA-p1	0	0	0
cgd5_310-RA-p1	0	2.40187391	0
cgd5_3100-RA-p1	0	0	0
cgd5_3110-RA-p1	0	0	6.351669456
cgd5_3130-RA-p1	0	2.40187391	3.175834728
cgd5_3140-RA-p1	0	2.40187391	9.527504184
cgd5_3145-RA-p1	0	0	3.175834728
cgd5_3160-RA-p1	19.50468835	33.62623474	12.70333891
cgd5_3170-RA-p1	2.78638405	2.40187391	12.70333891
cgd5_320-RA-p1	0	4.803747821	0
cgd5_3200-RA-p1	0	2.40187391	3.175834728
cgd5_3210-RA-p1	0	2.40187391	0
cgd5_3220-RA-p1	0	2.40187391	0
cgd5_3230-RA-p1	0	0	3.175834728
cgd5_3270-RA-p1	0	0	0
cgd5_3280-RA-p1	0	2.40187391	0
cgd5_3290-RA-p1	0	0	0
cgd5_330-RA-p1	0	0	0
cgd5_3300-RA-p1	0	2.40187391	0
cgd5_3310-RA-p1	0	0	0
cgd5_3330-RA-p1	0	2.40187391	0
cgd5_3340-RA-p1	8.359152151	4.803747821	0
cgd5_3350-RA-p1	0	0	0
cgd5_3360-RA-p1	0	4.803747821	0
cgd5_3370-RA-p1	2.78638405	0	0
cgd5_3380-RA-p1	2.78638405	0	0
cgd5_3390-RA-p1	0	2.40187391	3.175834728
cgd5_3410-RA-p1	0	2.40187391	0
cgd5_3430-RA-p1	0	0	0
cgd5_3450-RA-p1	0	0	0
cgd5_3460-RA-p1	0	0	0
cgd5_3470-RA-p1	0	2.40187391	0
cgd5_3480-RA-p1	0	0	0
cgd5_3490-RA-p1	8.359152151	0	0
cgd5_350-RA-p1	0	0	0
cgd5_3500-RA-p1	2.78638405	0	0
cgd5_3520-RA-p1	0	2.40187391	0
cgd5_3540-RA-p1	0	0	0
cgd5_3560-RA-p1	0	2.40187391	0
cgd5_3580-RA-p1	0	0	0
cgd5_3590-RA-p1	0	0	0
cgd5_360-RA-p1	0	0	0
cgd5_3600-RA-p1	0	0	0
cgd5_3610-RA-p1	0	0	0
cgd5_3620-RA-p1	0	0	0
cgd5_3630-RA-p1	0	0	0
cgd5_3640-RA-p1	2.78638405	0	0
cgd5_3650-RA-p1	2.78638405	7.205621731	9.527504184
cgd5_3670-RA-p1	0	0	0
cgd5_3690-RA-p1	0	0	0
cgd5_370-RA-p1	8.359152151	4.803747821	6.351669456
cgd5_3700-RA-p1	0	0	0
cgd5_3710-RA-p1	0	0	0
cgd5_3720-RA-p1	8.359152151	0	0
cgd5_3730-RA-p1	0	0	0
cgd5_3740-RA-p1	13.93192025	2.40187391	12.70333891
cgd5_3750-RA-p1	0	0	0
cgd5_3760-RA-p1	2.78638405	0	0
cgd5_3770-RA-p1	0	0	0
cgd5_3790-RA-p1	2.78638405	0	0
cgd5_380-RA-p1	0	0	0
cgd5_3820-RA-p1	0	0	0
cgd5_3830-RA-p1	0	0	0
cgd5_3840-RA-p1	0	0	3.175834728
cgd5_3850-RA-p1	0	0	0
cgd5_3880-RA-p1	0	0	0
cgd5_3890-RA-p1	0	0	0
cgd5_390-RA-p1	0	2.40187391	3.175834728
cgd5_3910-RA-p1	2.78638405	0	0
cgd5_3920-RA-p1	11.1455362	0	6.351669456
cgd5_3930-RA-p1	13.93192025	2.40187391	0
cgd5_3950-RA-p1	0	2.40187391	0
cgd5_3970-RA-p1	0	0	0
cgd5_3990-RA-p1	0	0	3.175834728
cgd5_40-RA-p1	2.78638405	2.40187391	3.175834728
cgd5_400-RA-p1	2.78638405	2.40187391	0
cgd5_4000-RA-p1	0	0	0
cgd5_4010-RA-p1	2.78638405	2.40187391	0
cgd5_4020-RA-p1	2.78638405	0	0
cgd5_4030-RA-p1	0	0	0
cgd5_4040-RA-p1	0	0	0
cgd5_4050-RA-p1	0	2.40187391	3.175834728
cgd5_4060-RA-p1	0	0	0
cgd5_4080-RA-p1	0	7.205621731	0
cgd5_4090-RA-p1	0	0	6.351669456
cgd5_410-RA-p1	0	2.40187391	0
cgd5_4100-RA-p1	0	2.40187391	6.351669456
cgd5_4110-RA-p1	0	0	0
cgd5_4120-RA-p1	0	0	0
cgd5_4140-RA-p1	2.78638405	0	0
cgd5_4150-RA-p1	22.2910724	16.81311737	12.70333891
cgd5_4170-RA-p1	0	0	0
cgd5_4180-RA-p1	0	0	0
cgd5_4190-RA-p1	0	0	0
cgd5_420-RA-p1	2.78638405	2.40187391	0
cgd5_4210-RA-p1	0	0	0
cgd5_4220-RA-p1	0	0	0
cgd5_4230-RA-p1	2.78638405	0	0
cgd5_4240-RA-p1	0	0	0
cgd5_4250-RA-p1	2.78638405	0	0
cgd5_4260-RA-p1	0	0	0
cgd5_4270-RA-p1	0	0	0
cgd5_4280-RA-p1	0	0	0
cgd5_430-RA-p1	0	0	0
cgd5_4300-RA-p1	0	0	0
cgd5_4330-RA-p1	2.78638405	0	0
cgd5_4340-RA-p1	0	0	0
cgd5_4350-RA-p1	0	0	0
cgd5_4360-RA-p1	0	0	0
cgd5_4370-RA-p1	0	0	0
cgd5_4380-RA-p1	33.43660861	7.205621731	15.87917364
cgd5_440-RA-p1	5.572768101	0	3.175834728
cgd5_4400-RA-p1	0	0	0
cgd5_4410-RA-p1	0	0	0
cgd5_4420-RA-p1	0	0	0
cgd5_4430-RA-p1	0	0	0
cgd5_4450-RA-p1	0	0	3.175834728
cgd5_4480-RA-p1	0	2.40187391	0
cgd5_4490-RA-p1	0	2.40187391	0
cgd5_450-RA-p1	8.359152151	2.40187391	3.175834728
cgd5_4510-RA-p1	0	0	0
cgd5_4520-RA-p1	0	0	0
cgd5_4530-RA-p1	0	4.803747821	3.175834728
cgd5_4540-RA-p1	2.78638405	2.40187391	3.175834728
cgd5_4560-RA-p1	0	2.40187391	3.175834728
cgd5_4570-RA-p1	0	2.40187391	3.175834728
cgd5_4580-RA-p1	0	0	6.351669456
cgd5_4590-RA-p1	0	0	0
cgd5_460-RA-p1	0	0	0
cgd5_4600-RA-p1	0	0	0
cgd5_4610-RA-p1	0	0	0
cgd5_480-RA-p1	0	0	0
cgd5_500-RA-p1	0	0	3.175834728
cgd5_510-RA-p1	0	0	0
cgd5_520-RA-p1	0	0	0
cgd5_530-RA-p1	0	0	0
cgd5_540-RA-p1	0	2.40187391	0
cgd5_550-RA-p1	0	0	0
cgd5_560-RA-p1	0	0	3.175834728
cgd5_580-RA-p1	0	0	0
cgd5_60-RA-p1	0	0	0
cgd5_600-RA-p1	0	0	0
cgd5_620-RA-p1	0	0	0
cgd5_630-RA-p1	2.78638405	0	0
cgd5_640-RA-p1	2.78638405	0	6.351669456
cgd5_650-RA-p1	0	2.40187391	0
cgd5_660-RA-p1	0	2.40187391	0
cgd5_670-RA-p1	0	2.40187391	0
cgd5_680-RA-p1	5.572768101	2.40187391	0
cgd5_690-RA-p1	5.572768101	0	3.175834728
cgd5_70-RA-p1	0	2.40187391	0
cgd5_700-RA-p1	0	0	0
cgd5_710-RA-p1	2.78638405	0	0
cgd5_720-RA-p1	0	0	0
cgd5_730-RA-p1	0	0	0
cgd5_740-RA-p1	0	0	3.175834728
cgd5_750-RA-p1	2.78638405	2.40187391	0
cgd5_780-RA-p1	0	0	3.175834728
cgd5_790-RA-p1	0	0	3.175834728
cgd5_800-RA-p1	2.78638405	0	0
cgd5_810-RA-p1	0	0	0
cgd5_820-RA-p1	0	4.803747821	6.351669456
cgd5_830-RA-p1	0	0	0
cgd5_840-RA-p1	0	0	0
cgd5_850-RA-p1	8.359152151	0	0
cgd5_860-RA-p1	0	0	0
cgd5_870-RA-p1	0	0	0
cgd5_890-RA-p1	0	0	0
cgd5_90-RA-p1	0	0	0
cgd5_900-RA-p1	0	0	0
cgd5_920-RA-p1	0	4.803747821	3.175834728
cgd5_930-RA-p1	0	0	0
cgd5_940-RA-p1	91.95067367	50.43935212	50.81335565
cgd5_950-RA-p1	2.78638405	4.803747821	6.351669456
cgd5_960-RA-p1	5.572768101	0	0
cgd5_970-RA-p1	2.78638405	4.803747821	6.351669456
cgd5_990-RA-p1	0	0	3.175834728
cgd6_10-RA-p1	2.78638405	0	0
cgd6_100-RA-p1	0	2.40187391	0
cgd6_1000-RA-p1	0	2.40187391	3.175834728
cgd6_1010-RA-p1	2.78638405	0	0
cgd6_1020-RA-p1	0	2.40187391	0
cgd6_1030-RA-p1	0	2.40187391	0
cgd6_1040-RA-p1	0	0	0
cgd6_1050-RA-p1	0	0	0
cgd6_1060-RA-p1	0	4.803747821	3.175834728
cgd6_1070-RA-p1	8.359152151	12.00936955	3.175834728
cgd6_1080-RA-p1	44.58214481	86.46746077	9.527504184
cgd6_1090-RA-p1	2.78638405	2.40187391	0
cgd6_110-RA-p1	0	0	0
cgd6_1100-RA-p1	0	0	0
cgd6_1110-RA-p1	0	0	0
cgd6_1120-RA-p1	0	0	3.175834728
cgd6_1130-RA-p1	0	0	0
cgd6_1140-RA-p1	0	2.40187391	0
cgd6_1150-RA-p1	0	0	0
cgd6_1160-RA-p1	0	0	0
cgd6_1170-RA-p1	0	4.803747821	0
cgd6_1180-RA-p1	0	0	0
cgd6_1190-RA-p1	0	0	0
cgd6_120-RA-p1	2.78638405	12.00936955	0
cgd6_1200-RA-p1	0	2.40187391	3.175834728
cgd6_1210-RA-p1	22.2910724	2.40187391	0
cgd6_1230-RA-p1	0	0	0
cgd6_1240-RA-p1	0	0	0
cgd6_1260-RA-p1	0	0	0
cgd6_1270-RA-p1	2.78638405	0	0
cgd6_1280-RA-p1	0	0	0
cgd6_130-RA-p1	0	0	0
cgd6_1300-RA-p1	0	0	0
cgd6_1310-RA-p1	2.78638405	9.607495641	0
cgd6_1320-RA-p1	0	0	0
cgd6_1330-RA-p1	8.359152151	4.803747821	0
cgd6_1340-RA-p1	5.572768101	9.607495641	0
cgd6_1360-RA-p1	2.78638405	0	0
cgd6_1370-RA-p1	0	0	0
cgd6_1380-RA-p1	2.78638405	0	0
cgd6_1390-RA-p1	8.359152151	9.607495641	9.527504184
cgd6_140-RA-p1	2.78638405	0	0
cgd6_1410-RA-p1	0	2.40187391	0
cgd6_1420-RA-p1	0	0	0
cgd6_1430-RA-p1	0	2.40187391	3.175834728
cgd6_1440-RA-p1	0	2.40187391	0
cgd6_1450-RA-p1	2.78638405	0	0
cgd6_1460-RA-p1	0	0	0
cgd6_1470-RA-p1	0	0	0
cgd6_1480-RA-p1	0	2.40187391	0
cgd6_1490-RA-p1	0	0	3.175834728
cgd6_150-RA-p1	0	0	0
cgd6_1500-RA-p1	0	4.803747821	9.527504184
cgd6_1510-RA-p1	0	0	0
cgd6_1520-RA-p1	0	0	0
cgd6_1530-RA-p1	0	2.40187391	0
cgd6_1540-RA-p1	2.78638405	0	0
cgd6_1550-RA-p1	0	0	0
cgd6_1560-RA-p1	0	0	0
cgd6_1570-RA-p1	2.78638405	0	0
cgd6_1580-RA-p1	0	0	3.175834728
cgd6_1590-RA-p1	0	0	0
cgd6_160-RA-p1	0	0	0
cgd6_1600-RA-p1	0	0	0
cgd6_1610-RA-p1	0	0	0
cgd6_1620-RA-p1	0	0	0
cgd6_1630-RA-p1	5.572768101	0	12.70333891
cgd6_1640-RA-p1	0	0	0
cgd6_1650-RA-p1	0	0	0
cgd6_1660-RA-p1	5.572768101	2.40187391	3.175834728
cgd6_1680-RA-p1	0	0	0
cgd6_1690-RA-p1	0	0	0
cgd6_1700-RA-p1	0	0	0
cgd6_1710-RA-p1	2.78638405	0	0
cgd6_1720-RA-p1	0	2.40187391	0
cgd6_1730-RA-p1	5.572768101	2.40187391	0
cgd6_1740-RA-p1	0	4.803747821	0
cgd6_1750-RA-p1	0	2.40187391	3.175834728
cgd6_1770-RA-p1	0	0	0
cgd6_1780-RA-p1	0	0	0
cgd6_180-RA-p1	0	0	0
cgd6_1810-RA-p1	2.78638405	0	0
cgd6_1820-RA-p1	0	0	0
cgd6_1830-RA-p1	2.78638405	0	0
cgd6_1840-RA-p1	0	0	0
cgd6_1870-RA-p1	0	0	0
cgd6_1890-RA-p1	0	0	0
cgd6_1900-RA-p1	0	2.40187391	3.175834728
cgd6_1910-RA-p1	0	2.40187391	0
cgd6_1920-RA-p1	0	2.40187391	0
cgd6_1930-RA-p1	0	0	0
cgd6_1940-RA-p1	0	2.40187391	0
cgd6_1950-RA-p1	0	0	0
cgd6_1960-RA-p1	0	0	0
cgd6_1970-RA-p1	0	0	0
cgd6_1980-RA-p1	0	0	0
cgd6_20-RA-p1	0	0	0
cgd6_200-RA-p1	206.1924197	110.4861999	57.16502511
cgd6_2000-RA-p1	0	0	0
cgd6_2030-RA-p1	13.93192025	2.40187391	3.175834728
cgd6_2040-RA-p1	0	0	0
cgd6_2050-RA-p1	0	0	0
cgd6_2060-RA-p1	0	4.803747821	0
cgd6_2070-RA-p1	0	0	0
cgd6_2080-RA-p1	0	0	0
cgd6_2085-RA-p1	0	0	0
cgd6_2090-RA-p1	44.58214481	110.4861999	38.11001674
cgd6_210-RA-p1	0	4.803747821	0
cgd6_2100-RA-p1	0	2.40187391	0
cgd6_2120-RA-p1	5.572768101	0	0
cgd6_2130-RA-p1	0	0	0
cgd6_2145-RA-p1	0	0	0
cgd6_2150-RA-p1	0	2.40187391	0
cgd6_2160-RA-p1	0	0	3.175834728
cgd6_2170-RA-p1	11.1455362	2.40187391	6.351669456
cgd6_2180-RA-p1	0	4.803747821	9.527504184
cgd6_2190-RA-p1	0	0	0
cgd6_2200-RA-p1	0	2.40187391	0
cgd6_2210-RA-p1	0	2.40187391	3.175834728
cgd6_2220-RA-p1	0	0	0
cgd6_2230-RA-p1	0	0	3.175834728
cgd6_2240-RA-p1	0	0	3.175834728
cgd6_2250-RA-p1	0	0	0
cgd6_2260-RA-p1	0	0	0
cgd6_2270-RA-p1	0	0	0
cgd6_2280-RA-p1	0	0	0
cgd6_2290-RA-p1	0	0	0
cgd6_230-RA-p1	0	0	0
cgd6_2300-RA-p1	0	0	3.175834728
cgd6_2310-RA-p1	0	0	0
cgd6_2320-RA-p1	0	0	0
cgd6_2330-RA-p1	172.7558111	600.4684776	66.69252929
cgd6_2340-RA-p1	0	0	3.175834728
cgd6_2350-RA-p1	0	0	0
cgd6_2360-RA-p1	0	0	0
cgd6_2380-RA-p1	0	2.40187391	6.351669456
cgd6_2390-RA-p1	0	0	0
cgd6_240-RA-p1	0	0	0
cgd6_2400-RA-p1	0	0	0
cgd6_2410-RA-p1	0	0	0
cgd6_2420-RA-p1	0	0	0
cgd6_2430-RA-p1	2.78638405	12.00936955	0
cgd6_2450-RA-p1	114.2417461	40.83185648	31.75834728
cgd6_2460-RA-p1	16.7183043	12.00936955	6.351669456
cgd6_2470-RA-p1	2.78638405	0	0
cgd6_2480-RA-p1	0	0	0
cgd6_2490-RA-p1	0	0	0
cgd6_2495-RA-p1	0	0	0
cgd6_250-RA-p1	0	0	0
cgd6_2500-RA-p1	2.78638405	0	3.175834728
cgd6_2530-RA-p1	0	0	0
cgd6_2540-RA-p1	0	0	0
cgd6_2550-RA-p1	2.78638405	0	0
cgd6_2560-RA-p1	5.572768101	0	6.351669456
cgd6_2570-RA-p1	2.78638405	4.803747821	6.351669456
cgd6_2580-RA-p1	0	4.803747821	3.175834728
cgd6_2590-RA-p1	0	0	0
cgd6_260-RA-p1	0	0	0
cgd6_2600-RA-p1	2.78638405	0	0
cgd6_2610-RA-p1	0	0	0
cgd6_2620-RA-p1	0	2.40187391	3.175834728
cgd6_2640-RA-p1	0	0	0
cgd6_2650-RA-p1	0	0	0
cgd6_2660-RA-p1	0	0	6.351669456
cgd6_2690-RA-p1	0	0	0
cgd6_270-RA-p1	2.78638405	0	3.175834728
cgd6_2700-RA-p1	11.1455362	4.803747821	0
cgd6_2710-RA-p1	0	2.40187391	0
cgd6_2720-RA-p1	2.78638405	4.803747821	0
cgd6_2730-RA-p1	2.78638405	2.40187391	0
cgd6_2750-RA-p1	0	0	3.175834728
cgd6_2760-RA-p1	0	0	0
cgd6_2770-RA-p1	5.572768101	2.40187391	0
cgd6_2780-RA-p1	0	0	0
cgd6_2790-RA-p1	2.78638405	4.803747821	3.175834728
cgd6_280-RA-p1	0	0	3.175834728
cgd6_2800-RA-p1	0	0	0
cgd6_2810-RA-p1	0	0	0
cgd6_2820-RA-p1	0	0	0
cgd6_2830-RA-p1	0	2.40187391	3.175834728
cgd6_2840-RA-p1	0	0	0
cgd6_2860-RA-p1	0	4.803747821	0
cgd6_2870-RA-p1	0	2.40187391	0
cgd6_2880-RA-p1	0	0	0
cgd6_2890-RA-p1	0	0	0
cgd6_2900-RA-p1	5.572768101	4.803747821	3.175834728
cgd6_2910-RA-p1	0	2.40187391	0
cgd6_2940-RA-p1	0	0	0
cgd6_2960-RA-p1	2.78638405	0	0
cgd6_2970-RA-p1	0	2.40187391	3.175834728
cgd6_2980-RA-p1	2.78638405	0	0
cgd6_30-RA-p1	0	0	0
cgd6_3010-RA-p1	8.359152151	2.40187391	6.351669456
cgd6_3020-RA-p1	0	2.40187391	0
cgd6_3050-RA-p1	0	12.00936955	3.175834728
cgd6_3070-RA-p1	0	0	0
cgd6_3080-RA-p1	0	2.40187391	0
cgd6_3100-RA-p1	0	2.40187391	0
cgd6_3120-RA-p1	0	0	3.175834728
cgd6_3130-RA-p1	0	0	0
cgd6_3140-RA-p1	5.572768101	2.40187391	0
cgd6_3150-RA-p1	0	0	0
cgd6_3160-RA-p1	2.78638405	4.803747821	0
cgd6_3170-RA-p1	0	0	0
cgd6_3190-RA-p1	11.1455362	4.803747821	0
cgd6_320-RA-p1	0	4.803747821	3.175834728
cgd6_3200-RA-p1	0	2.40187391	3.175834728
cgd6_3210-RA-p1	0	0	0
cgd6_3220-RA-p1	0	0	0
cgd6_3230-RA-p1	2.78638405	0	0
cgd6_3240-RA-p1	0	0	0
cgd6_3250-RA-p1	0	0	0
cgd6_3260-RA-p1	0	0	0
cgd6_3270-RA-p1	0	0	0
cgd6_3280-RA-p1	0	9.607495641	0
cgd6_3290-RA-p1	0	0	0
cgd6_330-RA-p1	0	0	0
cgd6_3300-RA-p1	0	0	0
cgd6_3310-RA-p1	0	0	0
cgd6_3320-RA-p1	0	0	0
cgd6_3330-RA-p1	2.78638405	2.40187391	3.175834728
cgd6_3340-RA-p1	8.359152151	9.607495641	3.175834728
cgd6_3370-RA-p1	0	0	0
cgd6_3380-RA-p1	0	0	0
cgd6_3390-RA-p1	0	0	3.175834728
cgd6_340-RA-p1	0	0	0
cgd6_3400-RA-p1	0	2.40187391	0
cgd6_3410-RA-p1	0	0	0
cgd6_3420-RA-p1	0	0	0
cgd6_3430-RA-p1	0	0	0
cgd6_3440-RA-p1	0	0	0
cgd6_3450-RA-p1	0	2.40187391	0
cgd6_3460-RA-p1	0	9.607495641	12.70333891
cgd6_3470-RA-p1	8.359152151	7.205621731	19.05500837
cgd6_3490-RA-p1	0	0	0
cgd6_350-RA-p1	0	0	0
cgd6_3510-RA-p1	0	4.803747821	9.527504184
cgd6_3530-RA-p1	0	0	3.175834728
cgd6_3540-RA-p1	0	0	0
cgd6_3560-RA-p1	2.78638405	0	0
cgd6_3570-RA-p1	0	0	0
cgd6_3580-RA-p1	0	0	0
cgd6_3590-RA-p1	0	0	0
cgd6_3600-RA-p1	0	0	3.175834728
cgd6_3620-RA-p1	0	2.40187391	0
cgd6_3630-RA-p1	0	2.40187391	0
cgd6_3640-RA-p1	2.78638405	2.40187391	0
cgd6_3650-RA-p1	19.50468835	9.607495641	15.87917364
cgd6_3660-RA-p1	0	0	0
cgd6_3670-RA-p1	0	0	0
cgd6_3680-RA-p1	0	0	0
cgd6_3690-RA-p1	0	0	0
cgd6_3710-RA-p1	5.572768101	0	0
cgd6_3720-RA-p1	25.07745645	4.803747821	6.351669456
cgd6_3730-RA-p1	0	4.803747821	0
cgd6_3740-RA-p1	0	0	0
cgd6_3760-RA-p1	2.78638405	9.607495641	3.175834728
cgd6_3780-RA-p1	0	0	0
cgd6_3790-RA-p1	0	0	0
cgd6_3800-RA-p1	0	0	0
cgd6_3810-RA-p1	0	0	0
cgd6_3820-RA-p1	2.78638405	2.40187391	0
cgd6_3830-RA-p1	5.572768101	0	3.175834728
cgd6_3840-RA-p1	0	7.205621731	0
cgd6_3850-RA-p1	13.93192025	7.205621731	6.351669456
cgd6_3860-RA-p1	0	0	0
cgd6_3880-RA-p1	2.78638405	0	0
cgd6_3890-RA-p1	2.78638405	0	0
cgd6_390-RA-p1	0	0	0
cgd6_3900-RA-p1	5.572768101	7.205621731	6.351669456
cgd6_3910-RA-p1	0	0	3.175834728
cgd6_3920-RA-p1	8.359152151	9.607495641	22.2308431
cgd6_3930-RA-p1	5.572768101	2.40187391	3.175834728
cgd6_3940-RA-p1	0	0	0
cgd6_3970-RA-p1	0	0	0
cgd6_3980-RA-p1	2.78638405	2.40187391	0
cgd6_3990-RA-p1	2.78638405	2.40187391	3.175834728
cgd6_40-RA-p1	8.359152151	2.40187391	0
cgd6_400-RA-p1	0	0	0
cgd6_4010-RA-p1	2.78638405	0	0
cgd6_4020-RA-p1	0	0	3.175834728
cgd6_4030-RA-p1	2.78638405	4.803747821	0
cgd6_4040-RA-p1	5.572768101	2.40187391	0
cgd6_4050-RA-p1	0	0	0
cgd6_4060-RA-p1	0	0	0
cgd6_4070-RA-p1	13.93192025	7.205621731	3.175834728
cgd6_4080-RA-p1	5.572768101	4.803747821	0
cgd6_4090-RA-p1	0	2.40187391	0
cgd6_410-RA-p1	0	2.40187391	0
cgd6_4110-RA-p1	0	0	0
cgd6_4130-RA-p1	0	0	0
cgd6_4140-RA-p1	0	2.40187391	6.351669456
cgd6_4150-RA-p1	0	4.803747821	3.175834728
cgd6_4160-RA-p1	5.572768101	31.22436083	3.175834728
cgd6_4170-RA-p1	0	0	3.175834728
cgd6_4190-RA-p1	5.572768101	0	0
cgd6_420-RA-p1	8.359152151	0	0
cgd6_4200-RA-p1	0	0	0
cgd6_4210-RA-p1	0	2.40187391	0
cgd6_4220-RA-p1	0	0	0
cgd6_4240-RA-p1	0	0	0
cgd6_4250-RA-p1	0	2.40187391	0
cgd6_4260-RA-p1	0	0	0
cgd6_4270-RA-p1	0	0	0
cgd6_4280-RA-p1	5.572768101	2.40187391	0
cgd6_4290-RA-p1	0	0	0
cgd6_4300-RA-p1	0	0	3.175834728
cgd6_4310-RA-p1	0	0	0
cgd6_4320-RA-p1	2.78638405	0	0
cgd6_4330-RA-p1	0	4.803747821	0
cgd6_4340-RA-p1	0	0	0
cgd6_4350-RA-p1	0	0	0
cgd6_4360-RA-p1	0	2.40187391	0
cgd6_4370-RA-p1	0	0	3.175834728
cgd6_4390-RA-p1	2.78638405	2.40187391	6.351669456
cgd6_440-RA-p1	0	0	0
cgd6_4410-RA-p1	2.78638405	2.40187391	0
cgd6_4420-RA-p1	2.78638405	9.607495641	6.351669456
cgd6_4440-RA-p1	0	4.803747821	6.351669456
cgd6_4450-RA-p1	0	2.40187391	0
cgd6_4460-RA-p1	5.572768101	7.205621731	9.527504184
cgd6_4470-RA-p1	0	0	0
cgd6_4480-RA-p1	0	7.205621731	0
cgd6_4500-RA-p1	2.78638405	0	0
cgd6_4510-RA-p1	5.572768101	7.205621731	9.527504184
cgd6_4530-RA-p1	0	4.803747821	0
cgd6_4540-RA-p1	5.572768101	0	0
cgd6_4550-RA-p1	0	4.803747821	0
cgd6_4560-RA-p1	0	0	3.175834728
cgd6_4570-RA-p1	0	2.40187391	0
cgd6_4580-RA-p1	5.572768101	0	0
cgd6_4600-RA-p1	0	0	0
cgd6_4610-RA-p1	0	0	0
cgd6_4620-RA-p1	2.78638405	4.803747821	6.351669456
cgd6_4630-RA-p1	16.7183043	4.803747821	12.70333891
cgd6_4650-RA-p1	0	7.205621731	0
cgd6_4660-RA-p1	0	0	0
cgd6_4670-RA-p1	0	0	3.175834728
cgd6_4690-RA-p1	2.78638405	2.40187391	0
cgd6_4710-RA-p1	0	0	0
cgd6_4720-RA-p1	2.78638405	2.40187391	3.175834728
cgd6_4730-RA-p1	0	0	0
cgd6_4740-RA-p1	5.572768101	0	0
cgd6_4750-RA-p1	0	2.40187391	0
cgd6_4760-RA-p1	0	0	0
cgd6_4770-RA-p1	0	2.40187391	0
cgd6_4780-RA-p1	0	0	0
cgd6_4790-RA-p1	2.78638405	4.803747821	0
cgd6_4830-RA-p1	5.572768101	4.803747821	0
cgd6_4840-RA-p1	0	2.40187391	0
cgd6_4850-RA-p1	2.78638405	0	0
cgd6_4860-RA-p1	5.572768101	14.41124346	3.175834728
cgd6_4870-RA-p1	0	9.607495641	3.175834728
cgd6_4880-RA-p1	0	0	3.175834728
cgd6_4890-RA-p1	2.78638405	0	0
cgd6_490-RA-p1	0	0	0
cgd6_4900-RA-p1	0	0	0
cgd6_4910-RA-p1	0	0	0
cgd6_4920-RA-p1	0	0	0
cgd6_4925-RA-p1	0	0	3.175834728
cgd6_4930-RA-p1	0	0	0
cgd6_4940-RA-p1	5.572768101	4.803747821	0
cgd6_4990-RA-p1	0	0	3.175834728
cgd6_500-RA-p1	2.78638405	0	3.175834728
cgd6_5000-RA-p1	0	4.803747821	3.175834728
cgd6_5020-RA-p1	13.93192025	4.803747821	12.70333891
cgd6_5030-RA-p1	0	2.40187391	6.351669456
cgd6_5060-RA-p1	0	0	0
cgd6_5080-RA-p1	0	2.40187391	0
cgd6_510-RA-p1	2.78638405	4.803747821	3.175834728
cgd6_5100-RA-p1	0	0	3.175834728
cgd6_5110-RA-p1	0	0	0
cgd6_5140-RA-p1	0	0	3.175834728
cgd6_5150-RA-p1	2.78638405	0	3.175834728
cgd6_5170-RA-p1	0	0	0
cgd6_520-RA-p1	0	0	0
cgd6_5220-RA-p1	0	0	3.175834728
cgd6_5240-RA-p1	8.359152151	4.803747821	3.175834728
cgd6_5250-RA-p1	0	0	0
cgd6_5260-RA-p1	0	0	0
cgd6_5270-RA-p1	2.78638405	0	0
cgd6_5280-RA-p1	19.50468835	14.41124346	19.05500837
cgd6_530-RA-p1	0	0	6.351669456
cgd6_5310-RA-p1	2.78638405	0	0
cgd6_5320-RA-p1	0	0	0
cgd6_5330-RA-p1	0	0	3.175834728
cgd6_5350-RA-p1	0	0	0
cgd6_5360-RA-p1	0	0	0
cgd6_5370-RA-p1	2.78638405	0	0
cgd6_5390-RA-p1	0	0	0
cgd6_5400-RA-p1	5.572768101	4.803747821	6.351669456
cgd6_5410-RA-p1	19.50468835	36.02810866	60.34085983
cgd6_5420-RA-p1	0	0	0
cgd6_5430-RA-p1	0	0	0
cgd6_5440-RA-p1	0	0	0
cgd6_5450-RA-p1	0	0	0
cgd6_5460-RA-p1	0	0	0
cgd6_5470-RA-p1	0	0	0
cgd6_5490-RA-p1	0	0	0
cgd6_5500-RA-p1	0	4.803747821	0
cgd6_5510-RA-p1	0	0	0
cgd6_560-RA-p1	5.572768101	0	6.351669456
cgd6_570-RA-p1	0	7.205621731	0
cgd6_580-RA-p1	0	0	0
cgd6_60-RA-p1	0	4.803747821	6.351669456
cgd6_620-RA-p1	2.78638405	4.803747821	3.175834728
cgd6_640-RA-p1	0	0	0
cgd6_650-RA-p1	0	4.803747821	0
cgd6_660-RA-p1	0	0	0
cgd6_680-RA-p1	2.78638405	2.40187391	3.175834728
cgd6_690-RA-p1	2.78638405	0	0
cgd6_70-RA-p1	0	2.40187391	9.527504184
cgd6_700-RA-p1	0	0	0
cgd6_710-RA-p1	2.78638405	4.803747821	0
cgd6_730-RA-p1	0	4.803747821	0
cgd6_750-RA-p1	0	2.40187391	0
cgd6_760-RA-p1	0	0	6.351669456
cgd6_770-RA-p1	52.94129696	36.02810866	25.40667783
cgd6_780-RA-p1	8.359152151	0	3.175834728
cgd6_80-RA-p1	0	0	0
cgd6_800-RA-p1	0	0	0
cgd6_810-RA-p1	0	0	3.175834728
cgd6_820-RA-p1	52.94129696	26.42061301	63.51669456
cgd6_830-RA-p1	0	0	0
cgd6_840-RA-p1	0	2.40187391	0
cgd6_860-RA-p1	0	0	0
cgd6_870-RA-p1	0	0	0
cgd6_875-RA-p1	2.78638405	0	3.175834728
cgd6_880-RA-p1	0	0	0
cgd6_890-RA-p1	0	0	3.175834728
cgd6_90-RA-p1	0	0	3.175834728
cgd6_900-RA-p1	0	2.40187391	0
cgd6_910-RA-p1	0	0	0
cgd6_920-RA-p1	0	0	0
cgd6_930-RA-p1	0	0	0
cgd6_940-RA-p1	0	0	0
cgd6_950-RA-p1	0	2.40187391	9.527504184
cgd6_960-RA-p1	2.78638405	0	0
cgd6_990-RA-p1	0	0	0
cgd7_100-RA-p1	0	0	0
cgd7_1000-RA-p1	0	2.40187391	0
cgd7_1010-RA-p1	0	4.803747821	0
cgd7_1030-RA-p1	0	0	3.175834728
cgd7_1040-RA-p1	0	0	0
cgd7_1050-RA-p1	0	2.40187391	3.175834728
cgd7_1070-RA-p1	0	0	0
cgd7_1080-RA-p1	0	0	0
cgd7_1090-RA-p1	0	0	0
cgd7_110-RA-p1	0	0	0
cgd7_1100-RA-p1	0	0	0
cgd7_1110-RA-p1	0	7.205621731	0
cgd7_1130-RA-p1	2.78638405	0	0
cgd7_1140-RA-p1	2.78638405	7.205621731	3.175834728
cgd7_1170-RA-p1	0	0	0
cgd7_1180-RA-p1	0	0	0
cgd7_1190-RA-p1	0	2.40187391	0
cgd7_120-RA-p1	2.78638405	2.40187391	0
cgd7_1200-RA-p1	0	0	0
cgd7_1210-RA-p1	0	2.40187391	0
cgd7_1220-RA-p1	0	0	0
cgd7_1230-RA-p1	0	0	0
cgd7_1240-RA-p1	0	2.40187391	3.175834728
cgd7_1250-RA-p1	0	0	6.351669456
cgd7_1260-RA-p1	5.572768101	12.00936955	3.175834728
cgd7_1270-RA-p1	5.572768101	2.40187391	6.351669456
cgd7_1280-RA-p1	0	7.205621731	0
cgd7_130-RA-p1	0	2.40187391	0
cgd7_1300-RA-p1	0	2.40187391	0
cgd7_1310-RA-p1	0	0	0
cgd7_1320-RA-p1	0	4.803747821	3.175834728
cgd7_1330-RA-p1	5.572768101	9.607495641	9.527504184
cgd7_1340-RA-p1	0	2.40187391	0
cgd7_1350-RA-p1	2.78638405	2.40187391	0
cgd7_1360-RA-p1	0	0	0
cgd7_1370-RA-p1	0	0	0
cgd7_1400-RA-p1	2.78638405	0	0
cgd7_1410-RA-p1	0	0	0
cgd7_1420-RA-p1	0	0	0
cgd7_1430-RA-p1	0	0	0
cgd7_1440-RA-p1	0	2.40187391	0
cgd7_1450-RA-p1	2.78638405	0	0
cgd7_1460-RA-p1	30.65022456	21.61686519	12.70333891
cgd7_1480-RA-p1	0	0	3.175834728
cgd7_1490-RA-p1	0	0	0
cgd7_150-RA-p1	5.572768101	2.40187391	0
cgd7_1510-RA-p1	0	0	0
cgd7_1540-RA-p1	2.78638405	0	0
cgd7_1550-RA-p1	0	0	6.351669456
cgd7_1570-RA-p1	0	0	0
cgd7_1580-RA-p1	0	0	0
cgd7_1590-RA-p1	2.78638405	0	0
cgd7_160-RA-p1	0	0	0
cgd7_1600-RA-p1	0	2.40187391	3.175834728
cgd7_1610-RA-p1	0	0	0
cgd7_1620-RA-p1	0	0	3.175834728
cgd7_1630-RA-p1	0	0	0
cgd7_1640-RA-p1	0	4.803747821	0
cgd7_1650-RA-p1	0	0	0
cgd7_1660-RA-p1	5.572768101	2.40187391	3.175834728
cgd7_1670-RA-p1	0	4.803747821	0
cgd7_1680-RA-p1	0	2.40187391	0
cgd7_1690-RA-p1	0	2.40187391	0
cgd7_1700-RA-p1	0	7.205621731	0
cgd7_1710-RA-p1	0	0	0
cgd7_1730-RA-p1	27.8638405	7.205621731	0
cgd7_1740-RA-p1	0	0	0
cgd7_1750-RA-p1	0	0	0
cgd7_1760-RA-p1	2.78638405	0	0
cgd7_1780-RA-p1	0	2.40187391	0
cgd7_1790-RA-p1	0	0	0
cgd7_1810-RA-p1	0	0	0
cgd7_1820-RA-p1	0	0	0
cgd7_1830-RA-p1	0	7.205621731	0
cgd7_1840-RA-p1	2.78638405	0	0
cgd7_1850-RA-p1	0	0	0
cgd7_1860-RA-p1	8.359152151	2.40187391	0
cgd7_1870-RA-p1	0	0	0
cgd7_1880-RA-p1	2.78638405	7.205621731	0
cgd7_1890-RA-p1	8.359152151	16.81311737	3.175834728
cgd7_190-RA-p1	0	0	0
cgd7_1900-RA-p1	2.78638405	4.803747821	3.175834728
cgd7_1910-RA-p1	2.78638405	0	0
cgd7_1920-RA-p1	0	0	0
cgd7_1930-RA-p1	0	0	0
cgd7_1940-RA-p1	0	0	0
cgd7_1950-RA-p1	0	0	0
cgd7_1960-RA-p1	2.78638405	12.00936955	9.527504184
cgd7_1970-RA-p1	0	0	0
cgd7_1980-RA-p1	0	2.40187391	0
cgd7_1990-RA-p1	2.78638405	2.40187391	3.175834728
cgd7_20-RA-p1	0	0	6.351669456
cgd7_200-RA-p1	0	2.40187391	3.175834728
cgd7_2000-RA-p1	0	0	0
cgd7_2010-RA-p1	0	2.40187391	12.70333891
cgd7_2020-RA-p1	0	2.40187391	0
cgd7_2030-RA-p1	0	0	0
cgd7_2035-RA-p1	0	2.40187391	0
cgd7_2040-RA-p1	2.78638405	2.40187391	3.175834728
cgd7_2050-RA-p1	0	4.803747821	0
cgd7_2060-RA-p1	0	0	0
cgd7_2070-RA-p1	0	2.40187391	0
cgd7_2080-RA-p1	0	2.40187391	0
cgd7_2090-RA-p1	0	0	0
cgd7_210-RA-p1	0	0	0
cgd7_2100-RA-p1	0	0	0
cgd7_2110-RA-p1	0	2.40187391	3.175834728
cgd7_2130-RA-p1	0	0	0
cgd7_2140-RA-p1	0	0	0
cgd7_2150-RA-p1	0	0	0
cgd7_2160-RA-p1	0	0	0
cgd7_2170-RA-p1	0	0	0
cgd7_220-RA-p1	0	2.40187391	0
cgd7_2200-RA-p1	0	0	0
cgd7_2210-RA-p1	0	0	0
cgd7_2230-RA-p1	0	0	3.175834728
cgd7_2240-RA-p1	0	0	0
cgd7_2250-RA-p1	8.359152151	2.40187391	6.351669456
cgd7_2260-RA-p1	0	0	0
cgd7_2270-RA-p1	0	0	0
cgd7_2280-RA-p1	5.572768101	7.205621731	3.175834728
cgd7_2290-RA-p1	0	0	0
cgd7_230-RA-p1	0	0	0
cgd7_2300-RA-p1	11.1455362	12.00936955	12.70333891
cgd7_2310-RA-p1	0	0	3.175834728
cgd7_2330-RA-p1	0	4.803747821	0
cgd7_2340-RA-p1	0	0	0
cgd7_2350-RA-p1	0	0	0
cgd7_2360-RA-p1	0	0	0
cgd7_2370-RA-p1	2.78638405	0	0
cgd7_2380-RA-p1	0	0	0
cgd7_2390-RA-p1	0	0	3.175834728
cgd7_2400-RA-p1	0	0	0
cgd7_2410-RA-p1	0	2.40187391	3.175834728
cgd7_2420-RA-p1	0	0	0
cgd7_2430-RA-p1	0	0	6.351669456
cgd7_2440-RA-p1	0	0	3.175834728
cgd7_2450-RA-p1	0	0	0
cgd7_2460-RA-p1	0	0	0
cgd7_2470-RA-p1	8.359152151	0	0
cgd7_2480-RA-p1	0	0	0
cgd7_250-RA-p1	2.78638405	2.40187391	3.175834728
cgd7_2500-RA-p1	0	0	0
cgd7_2510-RA-p1	0	0	0
cgd7_2520-RA-p1	2.78638405	0	12.70333891
cgd7_2530-RA-p1	0	0	3.175834728
cgd7_2540-RA-p1	8.359152151	0	3.175834728
cgd7_2550-RA-p1	0	0	0
cgd7_2560-RA-p1	0	0	0
cgd7_2570-RA-p1	2.78638405	0	0
cgd7_2590-RA-p1	2.78638405	2.40187391	3.175834728
cgd7_260-RA-p1	0	0	0
cgd7_2600-RA-p1	2.78638405	2.40187391	0
cgd7_2610-RA-p1	0	2.40187391	0
cgd7_2620-RA-p1	0	0	0
cgd7_2630-RA-p1	0	0	0
cgd7_2640-RA-p1	2.78638405	4.803747821	9.527504184
cgd7_2650-RA-p1	0	0	0
cgd7_2660-RA-p1	5.572768101	0	3.175834728
cgd7_2670-RA-p1	8.359152151	4.803747821	6.351669456
cgd7_2680-RA-p1	0	0	3.175834728
cgd7_2690-RA-p1	0	0	0
cgd7_2700-RA-p1	25.07745645	33.62623474	25.40667783
cgd7_2710-RA-p1	0	0	6.351669456
cgd7_2720-RA-p1	0	0	0
cgd7_2730-RA-p1	0	0	0
cgd7_2740-RA-p1	0	0	0
cgd7_2750-RA-p1	0	2.40187391	0
cgd7_2760-RA-p1	0	2.40187391	0
cgd7_2770-RA-p1	0	4.803747821	0
cgd7_2780-RA-p1	0	0	3.175834728
cgd7_2790-RA-p1	0	0	0
cgd7_280-RA-p1	2.78638405	4.803747821	0
cgd7_2800-RA-p1	0	0	0
cgd7_2810-RA-p1	0	0	0
cgd7_2820-RA-p1	0	0	3.175834728
cgd7_2830-RA-p1	0	2.40187391	0
cgd7_2840-RA-p1	0	0	0
cgd7_2850-RA-p1	0	2.40187391	0
cgd7_2860-RA-p1	0	0	0
cgd7_2870-RA-p1	0	7.205621731	3.175834728
cgd7_2890-RA-p1	0	0	0
cgd7_290-RA-p1	11.1455362	0	3.175834728
cgd7_2900-RA-p1	0	2.40187391	3.175834728
cgd7_2910-RA-p1	0	0	6.351669456
cgd7_2920-RA-p1	0	2.40187391	3.175834728
cgd7_2930-RA-p1	0	0	0
cgd7_2940-RA-p1	0	2.40187391	3.175834728
cgd7_2950-RA-p1	0	0	0
cgd7_2960-RA-p1	5.572768101	2.40187391	3.175834728
cgd7_2970-RA-p1	0	0	0
cgd7_2980-RA-p1	0	0	0
cgd7_30-RA-p1	0	0	0
cgd7_300-RA-p1	0	16.81311737	0
cgd7_3000-RA-p1	0	2.40187391	0
cgd7_3010-RA-p1	19.50468835	9.607495641	9.527504184
cgd7_3020-RA-p1	0	2.40187391	3.175834728
cgd7_3030-RA-p1	0	0	0
cgd7_3040-RA-p1	0	0	0
cgd7_3050-RA-p1	2.78638405	0	0
cgd7_3060-RA-p1	2.78638405	0	0
cgd7_3070-RA-p1	0	4.803747821	0
cgd7_3080-RA-p1	0	0	0
cgd7_3090-RA-p1	0	0	0
cgd7_310-RA-p1	0	0	0
cgd7_3100-RA-p1	0	0	0
cgd7_3120-RA-p1	158.8238909	100.8787042	107.9783808
cgd7_3140-RA-p1	0	0	0
cgd7_3150-RA-p1	0	2.40187391	0
cgd7_3160-RA-p1	0	0	0
cgd7_3180-RA-p1	0	0	0
cgd7_3190-RA-p1	2.78638405	2.40187391	0
cgd7_320-RA-p1	0	4.803747821	6.351669456
cgd7_3200-RA-p1	5.572768101	0	3.175834728
cgd7_3210-RA-p1	0	2.40187391	6.351669456
cgd7_3220-RA-p1	0	0	0
cgd7_3230-RA-p1	0	0	0
cgd7_3240-RA-p1	5.572768101	2.40187391	6.351669456
cgd7_3250-RA-p1	11.1455362	4.803747821	0
cgd7_3260-RA-p1	0	0	0
cgd7_3270-RA-p1	0	2.40187391	0
cgd7_3280-RA-p1	0	0	0
cgd7_3290-RA-p1	0	0	0
cgd7_330-RA-p1	0	2.40187391	0
cgd7_3300-RA-p1	0	0	0
cgd7_3320-RA-p1	0	0	3.175834728
cgd7_3330-RA-p1	2.78638405	0	0
cgd7_3340-RA-p1	2.78638405	0	0
cgd7_3350-RA-p1	0	0	0
cgd7_3360-RA-p1	0	0	0
cgd7_3370-RA-p1	0	0	0
cgd7_3390-RA-p1	0	2.40187391	0
cgd7_340-RA-p1	8.359152151	9.607495641	0
cgd7_3400-RA-p1	0	2.40187391	0
cgd7_3410-RA-p1	0	0	9.527504184
cgd7_3420-RA-p1	0	2.40187391	0
cgd7_3430-RA-p1	2.78638405	0	0
cgd7_3440-RA-p1	0	0	0
cgd7_3450-RA-p1	0	0	0
cgd7_3460-RA-p1	0	0	0
cgd7_3470-RA-p1	0	0	0
cgd7_3480-RA-p1	0	0	0
cgd7_3490-RA-p1	0	0	0
cgd7_350-RA-p1	0	0	0
cgd7_3500-RA-p1	0	0	0
cgd7_3510-RA-p1	0	0	0
cgd7_3520-RA-p1	0	0	0
cgd7_3530-RA-p1	0	0	0
cgd7_3540-RA-p1	0	0	0
cgd7_3550-RA-p1	5.572768101	2.40187391	0
cgd7_3570-RA-p1	0	2.40187391	0
cgd7_3580-RA-p1	0	0	0
cgd7_3590-RA-p1	2.78638405	0	0
cgd7_360-RA-p1	2.78638405	4.803747821	0
cgd7_3600-RA-p1	0	0	0
cgd7_3610-RA-p1	0	0	0
cgd7_3620-RA-p1	0	0	0
cgd7_3630-RA-p1	0	2.40187391	0
cgd7_3640-RA-p1	0	0	0
cgd7_3650-RA-p1	0	2.40187391	3.175834728
cgd7_3660-RA-p1	0	4.803747821	3.175834728
cgd7_3670-RA-p1	0	4.803747821	3.175834728
cgd7_3680-RA-p1	0	0	0
cgd7_3690-RA-p1	2.78638405	0	0
cgd7_370-RA-p1	2.78638405	4.803747821	0
cgd7_3700-RA-p1	0	0	0
cgd7_3710-RA-p1	0	0	0
cgd7_3720-RA-p1	0	0	0
cgd7_3730-RA-p1	0	0	3.175834728
cgd7_3740-RA-p1	0	0	0
cgd7_3750-RA-p1	0	2.40187391	0
cgd7_3760-RA-p1	0	2.40187391	0
cgd7_3780-RA-p1	2.78638405	9.607495641	0
cgd7_3790-RA-p1	13.93192025	19.21499128	9.527504184
cgd7_380-RA-p1	0	0	6.351669456
cgd7_3800-RA-p1	0	4.803747821	6.351669456
cgd7_3810-RA-p1	0	2.40187391	0
cgd7_3820-RA-p1	0	0	0
cgd7_3830-RA-p1	2.78638405	4.803747821	0
cgd7_3850-RA-p1	0	0	0
cgd7_3860-RA-p1	0	2.40187391	3.175834728
cgd7_3870-RA-p1	0	2.40187391	0
cgd7_3880-RA-p1	0	0	0
cgd7_3890-RA-p1	2.78638405	0	6.351669456
cgd7_390-RA-p1	0	2.40187391	0
cgd7_3900-RA-p1	0	0	0
cgd7_3910-RA-p1	0	0	0
cgd7_3920-RA-p1	0	0	0
cgd7_3930-RA-p1	0	0	0
cgd7_3940-RA-p1	0	0	0
cgd7_3960-RA-p1	0	0	0
cgd7_3970-RA-p1	0	0	0
cgd7_3980-RA-p1	0	0	0
cgd7_3990-RA-p1	0	0	0
cgd7_40-RA-p1	2.78638405	0	6.351669456
cgd7_400-RA-p1	245.2017964	163.3274259	111.1542155
cgd7_4000-RA-p1	0	0	0
cgd7_4010-RA-p1	0	0	0
cgd7_4020-RA-p1	2.78638405	43.23373039	12.70333891
cgd7_4030-RA-p1	0	0	0
cgd7_4040-RA-p1	0	0	0
cgd7_4050-RA-p1	0	2.40187391	9.527504184
cgd7_4060-RA-p1	0	0	0
cgd7_4070-RA-p1	0	0	0
cgd7_4080-RA-p1	0	0	0
cgd7_4090-RA-p1	0	0	0
cgd7_4100-RA-p1	0	2.40187391	0
cgd7_4110-RA-p1	0	0	3.175834728
cgd7_4130-RA-p1	0	0	0
cgd7_4140-RA-p1	0	0	0
cgd7_4150-RA-p1	0	0	0
cgd7_4160-RA-p1	0	0	0
cgd7_4170-RA-p1	0	0	3.175834728
cgd7_4180-RA-p1	5.572768101	0	3.175834728
cgd7_4190-RA-p1	0	0	0
cgd7_420-RA-p1	0	0	0
cgd7_4200-RA-p1	0	0	0
cgd7_4210-RA-p1	5.572768101	4.803747821	3.175834728
cgd7_4220-RA-p1	0	0	0
cgd7_4230-RA-p1	0	0	0
cgd7_4250-RA-p1	0	0	3.175834728
cgd7_4260-RA-p1	0	0	0
cgd7_4270-RA-p1	2.78638405	2.40187391	0
cgd7_4280-RA-p1	0	0	3.175834728
cgd7_4290-RA-p1	0	0	0
cgd7_430-RA-p1	0	0	0
cgd7_4300-RA-p1	8.359152151	4.803747821	0
cgd7_4310-RA-p1	5.572768101	0	0
cgd7_4320-RA-p1	2.78638405	0	0
cgd7_4330-RA-p1	0	0	0
cgd7_4340-RA-p1	0	2.40187391	0
cgd7_4350-RA-p1	0	0	3.175834728
cgd7_4360-RA-p1	0	7.205621731	3.175834728
cgd7_4370-RA-p1	0	0	0
cgd7_4380-RA-p1	0	0	0
cgd7_4390-RA-p1	0	0	3.175834728
cgd7_440-RA-p1	0	0	3.175834728
cgd7_4400-RA-p1	2.78638405	2.40187391	0
cgd7_4410-RA-p1	0	0	0
cgd7_4420-RA-p1	0	0	3.175834728
cgd7_4450-RA-p1	0	0	0
cgd7_4460-RA-p1	8.359152151	4.803747821	9.527504184
cgd7_4470-RA-p1	0	0	6.351669456
cgd7_4480-RA-p1	5.572768101	0	0
cgd7_4490-RA-p1	0	0	3.175834728
cgd7_450-RA-p1	0	2.40187391	3.175834728
cgd7_4500-RA-p1	0	2.40187391	0
cgd7_4510-RA-p1	2.78638405	0	0
cgd7_4520-RA-p1	0	2.40187391	3.175834728
cgd7_4530-RA-p1	0	2.40187391	0
cgd7_4540-RA-p1	0	0	0
cgd7_4550-RA-p1	0	0	0
cgd7_4570-RA-p1	0	0	0
cgd7_4580-RA-p1	0	2.40187391	3.175834728
cgd7_4590-RA-p1	0	0	0
cgd7_460-RA-p1	0	0	0
cgd7_4600-RA-p1	0	0	0
cgd7_4610-RA-p1	0	0	3.175834728
cgd7_4620-RA-p1	5.572768101	0	0
cgd7_4630-RA-p1	2.78638405	0	0
cgd7_4640-RA-p1	0	0	0
cgd7_4670-RA-p1	0	0	0
cgd7_4680-RA-p1	2.78638405	0	0
cgd7_470-RA-p1	0	0	0
cgd7_4700-RA-p1	0	0	0
cgd7_4720-RA-p1	0	0	0
cgd7_4730-RA-p1	5.572768101	7.205621731	0
cgd7_4750-RA-p1	0	0	3.175834728
cgd7_4760-RA-p1	2.78638405	12.00936955	6.351669456
cgd7_4770-RA-p1	0	0	0
cgd7_4790-RA-p1	0	4.803747821	3.175834728
cgd7_480-RA-p1	16.7183043	26.42061301	6.351669456
cgd7_4800-RA-p1	11.1455362	21.61686519	6.351669456
cgd7_4810-RA-p1	19.50468835	2.40187391	0
cgd7_4820-RA-p1	0	0	0
cgd7_4825-RA-p1	0	0	3.175834728
cgd7_4830-RA-p1	0	0	0
cgd7_4840-RA-p1	0	0	0
cgd7_4850-RA-p1	0	0	0
cgd7_4860-RA-p1	0	0	0
cgd7_4870-RA-p1	0	0	0
cgd7_4880-RA-p1	181.1149633	84.06558686	31.75834728
cgd7_4890-RA-p1	0	0	0
cgd7_490-RA-p1	0	0	0
cgd7_4900-RA-p1	2.78638405	0	6.351669456
cgd7_4910-RA-p1	0	2.40187391	0
cgd7_4930-RA-p1	0	0	0
cgd7_4940-RA-p1	0	2.40187391	6.351669456
cgd7_4950-RA-p1	0	0	0
cgd7_4970-RA-p1	0	2.40187391	3.175834728
cgd7_4980-RA-p1	0	0	3.175834728
cgd7_4990-RA-p1	0	2.40187391	6.351669456
cgd7_5-RA-p1	0	0	0
cgd7_50-RA-p1	2.78638405	0	0
cgd7_500-RA-p1	0	4.803747821	3.175834728
cgd7_5000-RA-p1	0	0	0
cgd7_5010-RA-p1	0	0	0
cgd7_5020-RA-p1	0	0	3.175834728
cgd7_5030-RA-p1	0	0	0
cgd7_5040-RA-p1	0	0	0
cgd7_5050-RA-p1	0	2.40187391	0
cgd7_5060-RA-p1	2.78638405	2.40187391	0
cgd7_5070-RA-p1	0	0	0
cgd7_5080-RA-p1	0	0	0
cgd7_5090-RA-p1	0	0	0
cgd7_5100-RA-p1	0	2.40187391	0
cgd7_5105-RA-p1	0	2.40187391	0
cgd7_5106-RA-p1	0	0	0
cgd7_5107-RA-p1	0	0	0
cgd7_5110-RA-p1	0	4.803747821	0
cgd7_5120-RA-p1	0	0	0
cgd7_5130-RA-p1	2.78638405	24.0187391	38.11001674
cgd7_5140-RA-p1	2.78638405	12.00936955	6.351669456
cgd7_5170-RA-p1	5.572768101	0	3.175834728
cgd7_5180-RA-p1	0	2.40187391	0
cgd7_5190-RA-p1	2.78638405	0	6.351669456
cgd7_520-RA-p1	0	0	0
cgd7_5200-RA-p1	0	0	0
cgd7_5210-RA-p1	0	0	0
cgd7_5220-RA-p1	0	0	0
cgd7_5230-RA-p1	0	0	0
cgd7_5240-RA-p1	0	0	0
cgd7_5250-RA-p1	0	0	0
cgd7_5260-RA-p1	0	0	0
cgd7_5270-RA-p1	0	0	0
cgd7_5280-RA-p1	0	0	0
cgd7_530-RA-p1	0	0	0
cgd7_5310-RA-p1	0	0	0
cgd7_5320-RA-p1	0	0	0
cgd7_5330-RA-p1	0	0	0
cgd7_5340-RA-p1	0	0	0
cgd7_5350-RA-p1	0	0	0
cgd7_5360-RA-p1	0	0	0
cgd7_5370-RA-p1	0	0	0
cgd7_5380-RA-p1	0	0	0
cgd7_540-RA-p1	8.359152151	2.40187391	0
cgd7_5410-RA-p1	0	0	0
cgd7_5430-RA-p1	0	0	0
cgd7_5440-RA-p1	2.78638405	0	0
cgd7_5460-RA-p1	0	0	0
cgd7_5470-RA-p1	2.78638405	0	0
cgd7_5480-RA-p1	0	0	0
cgd7_5490-RA-p1	0	0	0
cgd7_550-RA-p1	8.359152151	7.205621731	9.527504184
cgd7_5510-RA-p1	0	0	0
cgd7_5520-RA-p1	0	0	0
cgd7_560-RA-p1	0	0	0
cgd7_570-RA-p1	2.78638405	2.40187391	0
cgd7_580-RA-p1	2.78638405	2.40187391	3.175834728
cgd7_6-RA-p1	0	0	3.175834728
cgd7_600-RA-p1	0	0	0
cgd7_610-RA-p1	2.78638405	2.40187391	6.351669456
cgd7_620-RA-p1	2.78638405	0	3.175834728
cgd7_630-RA-p1	0	0	0
cgd7_640-RA-p1	5.572768101	2.40187391	3.175834728
cgd7_650-RA-p1	0	0	0
cgd7_670-RA-p1	0	2.40187391	3.175834728
cgd7_690-RA-p1	0	0	0
cgd7_7-RA-p1	0	14.41124346	6.351669456
cgd7_70-RA-p1	2.78638405	0	0
cgd7_710-RA-p1	2.78638405	0	0
cgd7_720-RA-p1	0	0	0
cgd7_730-RA-p1	0	0	0
cgd7_740-RA-p1	0	0	0
cgd7_750-RA-p1	0	0	6.351669456
cgd7_780-RA-p1	0	0	0
cgd7_790-RA-p1	2.78638405	0	3.175834728
cgd7_80-RA-p1	0	0	0
cgd7_810-RA-p1	0	0	0
cgd7_820-RA-p1	0	0	0
cgd7_850-RA-p1	0	4.803747821	0
cgd7_860-RA-p1	16.7183043	12.00936955	6.351669456
cgd7_870-RA-p1	0	0	0
cgd7_880-RA-p1	0	0	0
cgd7_890-RA-p1	0	0	0
cgd7_90-RA-p1	0	0	0
cgd7_900-RA-p1	2.78638405	0	0
cgd7_910-RA-p1	33.43660861	14.41124346	31.75834728
cgd7_920-RA-p1	0	0	3.175834728
cgd7_930-RA-p1	2.78638405	0	0
cgd7_940-RA-p1	0	7.205621731	6.351669456
cgd7_950-RA-p1	0	0	6.351669456
cgd7_960-RA-p1	2.78638405	0	0
cgd7_970-RA-p1	0	0	0
cgd7_980-RA-p1	2.78638405	2.40187391	6.351669456
cgd7_990-RA-p1	0	0	3.175834728
cgd8_10-RA-p1	0	0	0
cgd8_100-RA-p1	0	0	0
cgd8_1000-RA-p1	0	2.40187391	0
cgd8_1020-RA-p1	0	2.40187391	3.175834728
cgd8_1030-RA-p1	2.78638405	2.40187391	0
cgd8_1040-RA-p1	0	0	3.175834728
cgd8_1050-RA-p1	5.572768101	7.205621731	6.351669456
cgd8_1070-RA-p1	0	0	0
cgd8_1080-RA-p1	2.78638405	2.40187391	0
cgd8_1090-RA-p1	0	0	3.175834728
cgd8_110-RA-p1	0	0	0
cgd8_1100-RA-p1	0	0	0
cgd8_1110-RA-p1	0	0	3.175834728
cgd8_1120-RA-p1	0	0	0
cgd8_1150-RA-p1	0	0	0
cgd8_1160-RA-p1	2.78638405	0	3.175834728
cgd8_1170-RA-p1	2.78638405	2.40187391	0
cgd8_1180-RA-p1	0	0	0
cgd8_1190-RA-p1	0	2.40187391	3.175834728
cgd8_1200-RA-p1	2.78638405	0	0
cgd8_1230-RA-p1	2.78638405	0	0
cgd8_1240-RA-p1	0	0	0
cgd8_1250-RA-p1	5.572768101	0	0
cgd8_1260-RA-p1	8.359152151	2.40187391	3.175834728
cgd8_1270-RA-p1	2.78638405	0	3.175834728
cgd8_1280-RA-p1	25.07745645	19.21499128	6.351669456
cgd8_1290-RA-p1	0	2.40187391	0
cgd8_130-RA-p1	2.78638405	0	0
cgd8_1300-RA-p1	2.78638405	4.803747821	0
cgd8_1310-RA-p1	0	0	0
cgd8_1320-RA-p1	0	0	0
cgd8_1330-RA-p1	2.78638405	0	3.175834728
cgd8_1340-RA-p1	0	2.40187391	3.175834728
cgd8_1360-RA-p1	0	0	0
cgd8_1370-RA-p1	0	0	3.175834728
cgd8_1380-RA-p1	0	0	0
cgd8_1390-RA-p1	2.78638405	2.40187391	3.175834728
cgd8_1400-RA-p1	0	0	0
cgd8_1410-RA-p1	0	4.803747821	0
cgd8_1430-RA-p1	5.572768101	7.205621731	0
cgd8_1440-RA-p1	2.78638405	0	0
cgd8_1450-RA-p1	8.359152151	7.205621731	0
cgd8_1460-RA-p1	0	2.40187391	0
cgd8_1470-RA-p1	16.7183043	19.21499128	0
cgd8_1480-RA-p1	5.572768101	0	0
cgd8_1490-RA-p1	5.572768101	4.803747821	0
cgd8_1500-RA-p1	2.78638405	0	6.351669456
cgd8_1510-RA-p1	19.50468835	14.41124346	3.175834728
cgd8_1520-RA-p1	0	0	0
cgd8_1530-RA-p1	0	4.803747821	0
cgd8_1540-RA-p1	2.78638405	0	0
cgd8_1560-RA-p1	0	0	0
cgd8_1600-RA-p1	5.572768101	7.205621731	9.527504184
cgd8_1610-RA-p1	0	2.40187391	0
cgd8_1620-RA-p1	2.78638405	9.607495641	0
cgd8_1630-RA-p1	0	0	6.351669456
cgd8_1640-RA-p1	5.572768101	4.803747821	6.351669456
cgd8_1650-RA-p1	2.78638405	4.803747821	0
cgd8_1660-RA-p1	0	2.40187391	3.175834728
cgd8_1670-RA-p1	5.572768101	2.40187391	3.175834728
cgd8_1680-RA-p1	0	2.40187391	3.175834728
cgd8_1690-RA-p1	0	0	0
cgd8_170-RA-p1	0	0	0
cgd8_1710-RA-p1	0	0	0
cgd8_1720-RA-p1	169.9694271	48.03747821	19.05500837
cgd8_1730-RA-p1	0	2.40187391	0
cgd8_1740-RA-p1	2.78638405	2.40187391	0
cgd8_1760-RA-p1	0	4.803747821	0
cgd8_1770-RA-p1	0	0	0
cgd8_1780-RA-p1	0	0	0
cgd8_1790-RA-p1	2.78638405	0	0
cgd8_180-RA-p1	0	0	0
cgd8_1800-RA-p1	2.78638405	2.40187391	0
cgd8_1810-RA-p1	2.78638405	0	3.175834728
cgd8_1840-RA-p1	2.78638405	0	0
cgd8_1850-RA-p1	5.572768101	4.803747821	6.351669456
cgd8_1860-RA-p1	0	0	3.175834728
cgd8_1870-RA-p1	0	0	0
cgd8_1890-RA-p1	0	0	0
cgd8_190-RA-p1	0	2.40187391	0
cgd8_1900-RA-p1	0	0	0
cgd8_1910-RA-p1	0	0	0
cgd8_1920-RA-p1	0	2.40187391	0
cgd8_1930-RA-p1	0	2.40187391	0
cgd8_1940-RA-p1	0	0	0
cgd8_1950-RA-p1	0	0	0
cgd8_1960-RA-p1	0	4.803747821	3.175834728
cgd8_1970-RA-p1	8.359152151	14.41124346	6.351669456
cgd8_1980-RA-p1	0	0	0
cgd8_1990-RA-p1	0	4.803747821	0
cgd8_20-RA-p1	0	0	0
cgd8_200-RA-p1	2.78638405	0	3.175834728
cgd8_2000-RA-p1	0	4.803747821	0
cgd8_2010-RA-p1	0	0	0
cgd8_2020-RA-p1	0	0	0
cgd8_2030-RA-p1	0	2.40187391	3.175834728
cgd8_2040-RA-p1	0	0	3.175834728
cgd8_2050-RA-p1	0	0	0
cgd8_2060-RA-p1	0	0	0
cgd8_2070-RA-p1	2.78638405	2.40187391	0
cgd8_2080-RA-p1	0	2.40187391	0
cgd8_2090-RA-p1	0	2.40187391	3.175834728
cgd8_210-RA-p1	0	2.40187391	3.175834728
cgd8_2100-RA-p1	5.572768101	2.40187391	0
cgd8_2110-RA-p1	2.78638405	0	3.175834728
cgd8_2120-RA-p1	0	0	0
cgd8_2150-RA-p1	0	2.40187391	0
cgd8_2160-RA-p1	0	2.40187391	0
cgd8_2170-RA-p1	86.37790556	67.25246949	38.11001674
cgd8_2180-RA-p1	0	2.40187391	0
cgd8_2190-RA-p1	2.78638405	2.40187391	0
cgd8_220-RA-p1	0	0	0
cgd8_2200-RA-p1	0	2.40187391	0
cgd8_2210-RA-p1	0	2.40187391	0
cgd8_2230-RA-p1	2.78638405	0	0
cgd8_2250-RA-p1	0	2.40187391	0
cgd8_2260-RA-p1	0	2.40187391	0
cgd8_2270-RA-p1	2.78638405	14.41124346	12.70333891
cgd8_2280-RA-p1	0	0	0
cgd8_230-RA-p1	2.78638405	0	0
cgd8_2300-RA-p1	0	0	3.175834728
cgd8_2320-RA-p1	2.78638405	0	0
cgd8_2340-RA-p1	2.78638405	2.40187391	3.175834728
cgd8_2350-RA-p1	0	0	3.175834728
cgd8_2360-RA-p1	0	0	3.175834728
cgd8_2370-RA-p1	8.359152151	12.00936955	0
cgd8_2380-RA-p1	0	0	0
cgd8_2390-RA-p1	0	0	0
cgd8_240-RA-p1	0	0	0
cgd8_2400-RA-p1	0	0	0
cgd8_2410-RA-p1	0	0	0
cgd8_2420-RA-p1	0	0	0
cgd8_2430-RA-p1	0	0	0
cgd8_2440-RA-p1	0	0	0
cgd8_2450-RA-p1	5.572768101	0	0
cgd8_2460-RA-p1	0	2.40187391	0
cgd8_2470-RA-p1	8.359152151	0	0
cgd8_2480-RA-p1	0	0	0
cgd8_2490-RA-p1	0	0	3.175834728
cgd8_250-RA-p1	0	7.205621731	0
cgd8_2500-RA-p1	0	0	0
cgd8_2510-RA-p1	0	0	0
cgd8_2520-RA-p1	5.572768101	2.40187391	0
cgd8_2530-RA-p1	2.78638405	2.40187391	9.527504184
cgd8_2540-RA-p1	0	0	0
cgd8_2560-RA-p1	0	0	0
cgd8_2570-RA-p1	0	0	0
cgd8_2580-RA-p1	19.50468835	9.607495641	3.175834728
cgd8_2590-RA-p1	0	0	0
cgd8_2610-RA-p1	19.50468835	14.41124346	6.351669456
cgd8_2620-RA-p1	0	0	0
cgd8_2630-RA-p1	0	0	3.175834728
cgd8_2640-RA-p1	0	0	0
cgd8_2650-RA-p1	0	2.40187391	6.351669456
cgd8_2660-RA-p1	0	0	3.175834728
cgd8_2670-RA-p1	2.78638405	0	0
cgd8_2690-RA-p1	0	0	0
cgd8_270-RA-p1	0	0	0
cgd8_2710-RA-p1	0	0	0
cgd8_2720-RA-p1	0	0	0
cgd8_2730-RA-p1	0	0	0
cgd8_2740-RA-p1	5.572768101	0	3.175834728
cgd8_2750-RA-p1	0	2.40187391	0
cgd8_2760-RA-p1	2.78638405	0	0
cgd8_2770-RA-p1	11.1455362	0	3.175834728
cgd8_2780-RA-p1	0	0	3.175834728
cgd8_2790-RA-p1	19.50468835	50.43935212	9.527504184
cgd8_2800-RA-p1	0	2.40187391	0
cgd8_2810-RA-p1	0	0	0
cgd8_2820-RA-p1	0	0	0
cgd8_2830-RA-p1	0	0	3.175834728
cgd8_2840-RA-p1	0	0	3.175834728
cgd8_2850-RA-p1	0	0	0
cgd8_2860-RA-p1	0	0	0
cgd8_2870-RA-p1	0	0	3.175834728
cgd8_2880-RA-p1	2.78638405	2.40187391	0
cgd8_2890-RA-p1	0	2.40187391	3.175834728
cgd8_290-RA-p1	0	0	3.175834728
cgd8_2900-RA-p1	0	0	0
cgd8_2910-RA-p1	0	0	0
cgd8_2920-RA-p1	0	0	0
cgd8_2930-RA-p1	8.359152151	4.803747821	9.527504184
cgd8_2940-RA-p1	0	0	0
cgd8_2960-RA-p1	0	0	0
cgd8_2970-RA-p1	0	0	0
cgd8_30-RA-p1	0	0	0
cgd8_300-RA-p1	0	2.40187391	0
cgd8_3000-RA-p1	2.78638405	0	0
cgd8_3005-RA-p1	0	0	0
cgd8_3010-RA-p1	0	0	0
cgd8_3020-RA-p1	2.78638405	0	3.175834728
cgd8_3030-RA-p1	0	0	6.351669456
cgd8_3040-RA-p1	0	0	0
cgd8_3050-RA-p1	2.78638405	0	3.175834728
cgd8_3060-RA-p1	0	0	0
cgd8_3070-RA-p1	5.572768101	2.40187391	0
cgd8_3080-RA-p1	0	0	0
cgd8_3090-RA-p1	0	0	0
cgd8_310-RA-p1	0	0	0
cgd8_3100-RA-p1	0	0	0
cgd8_3110-RA-p1	0	0	3.175834728
cgd8_3120-RA-p1	0	0	3.175834728
cgd8_3130-RA-p1	0	2.40187391	0
cgd8_3150-RA-p1	0	2.40187391	0
cgd8_3160-RA-p1	0	0	0
cgd8_3170-RA-p1	0	0	0
cgd8_3180-RA-p1	0	0	0
cgd8_3190-RA-p1	0	0	0
cgd8_320-RA-p1	0	4.803747821	3.175834728
cgd8_3200-RA-p1	0	0	0
cgd8_3210-RA-p1	0	0	0
cgd8_3220-RA-p1	0	12.00936955	0
cgd8_3230-RA-p1	2.78638405	0	0
cgd8_3240-RA-p1	0	0	0
cgd8_3250-RA-p1	0	0	0
cgd8_3260-RA-p1	0	0	3.175834728
cgd8_3270-RA-p1	5.572768101	7.205621731	3.175834728
cgd8_3290-RA-p1	0	0	0
cgd8_330-RA-p1	5.572768101	7.205621731	0
cgd8_3300-RA-p1	0	0	3.175834728
cgd8_3310-RA-p1	0	0	0
cgd8_3320-RA-p1	0	0	0
cgd8_3330-RA-p1	2.78638405	0	0
cgd8_3340-RA-p1	0	0	0
cgd8_3360-RA-p1	0	0	0
cgd8_3370-RA-p1	0	0	0
cgd8_3380-RA-p1	8.359152151	2.40187391	0
cgd8_3390-RA-p1	0	0	9.527504184
cgd8_340-RA-p1	0	0	0
cgd8_3400-RA-p1	0	2.40187391	0
cgd8_3410-RA-p1	0	0	0
cgd8_3420-RA-p1	0	0	3.175834728
cgd8_3430-RA-p1	5.572768101	0	0
cgd8_3440-RA-p1	0	0	3.175834728
cgd8_3450-RA-p1	5.572768101	7.205621731	0
cgd8_3460-RA-p1	0	0	0
cgd8_3470-RA-p1	5.572768101	7.205621731	0
cgd8_3480-RA-p1	5.572768101	9.607495641	6.351669456
cgd8_3490-RA-p1	0	2.40187391	3.175834728
cgd8_350-RA-p1	2.78638405	2.40187391	6.351669456
cgd8_3500-RA-p1	0	2.40187391	0
cgd8_3510-RA-p1	0	0	0
cgd8_3520-RA-p1	0	2.40187391	9.527504184
cgd8_3530-RA-p1	0	2.40187391	0
cgd8_3540-RA-p1	0	2.40187391	0
cgd8_3560-RA-p1	2.78638405	2.40187391	3.175834728
cgd8_3570-RA-p1	0	0	0
cgd8_3580-RA-p1	0	0	0
cgd8_3590-RA-p1	2.78638405	0	0
cgd8_360-RA-p1	8.359152151	4.803747821	9.527504184
cgd8_3600-RA-p1	0	0	3.175834728
cgd8_3610-RA-p1	2.78638405	2.40187391	6.351669456
cgd8_3630-RA-p1	8.359152151	0	3.175834728
cgd8_3640-RA-p1	0	0	0
cgd8_3650-RA-p1	2.78638405	0	0
cgd8_3660-RA-p1	0	0	0
cgd8_3690-RA-p1	0	0	0
cgd8_3700-RA-p1	0	0	0
cgd8_3720-RA-p1	0	0	0
cgd8_3730-RA-p1	2.78638405	2.40187391	0
cgd8_3740-RA-p1	5.572768101	0	3.175834728
cgd8_3750-RA-p1	2.78638405	9.607495641	0
cgd8_3760-RA-p1	0	2.40187391	0
cgd8_3770-RA-p1	0	2.40187391	0
cgd8_3780-RA-p1	0	0	3.175834728
cgd8_3790-RA-p1	0	0	3.175834728
cgd8_3800-RA-p1	0	0	0
cgd8_3830-RA-p1	0	2.40187391	0
cgd8_3840-RA-p1	0	0	0
cgd8_3850-RA-p1	2.78638405	0	3.175834728
cgd8_3870-RA-p1	0	0	0
cgd8_3880-RA-p1	0	0	0
cgd8_3890-RA-p1	0	0	3.175834728
cgd8_3910-RA-p1	22.2910724	12.00936955	12.70333891
cgd8_3920-RA-p1	0	2.40187391	0
cgd8_3930-RA-p1	2.78638405	7.205621731	0
cgd8_3940-RA-p1	8.359152151	0	0
cgd8_3950-RA-p1	0	0	0
cgd8_3960-RA-p1	0	0	0
cgd8_3970-RA-p1	0	0	3.175834728
cgd8_3990-RA-p1	5.572768101	0	0
cgd8_40-RA-p1	0	2.40187391	0
cgd8_400-RA-p1	8.359152151	2.40187391	6.351669456
cgd8_4000-RA-p1	2.78638405	0	3.175834728
cgd8_4010-RA-p1	0	0	0
cgd8_4030-RA-p1	0	0	0
cgd8_4040-RA-p1	27.8638405	2.40187391	3.175834728
cgd8_4050-RA-p1	0	0	0
cgd8_4060-RA-p1	0	0	0
cgd8_410-RA-p1	0	0	0
cgd8_4110-RA-p1	0	0	0
cgd8_4120-RA-p1	0	0	0
cgd8_4130-RA-p1	0	0	0
cgd8_4140-RA-p1	0	2.40187391	0
cgd8_4150-RA-p1	5.572768101	0	3.175834728
cgd8_4160-RA-p1	0	2.40187391	0
cgd8_4170-RA-p1	0	0	0
cgd8_4180-RA-p1	0	2.40187391	0
cgd8_420-RA-p1	0	2.40187391	6.351669456
cgd8_4200-RA-p1	0	0	6.351669456
cgd8_4220-RA-p1	2.78638405	0	0
cgd8_4230-RA-p1	0	12.00936955	9.527504184
cgd8_4240-RA-p1	0	2.40187391	0
cgd8_4260-RA-p1	0	0	0
cgd8_4270-RA-p1	0	0	0
cgd8_4280-RA-p1	0	0	3.175834728
cgd8_430-RA-p1	0	0	0
cgd8_4300-RA-p1	2.78638405	7.205621731	3.175834728
cgd8_4310-RA-p1	16.7183043	19.21499128	15.87917364
cgd8_4320-RA-p1	2.78638405	2.40187391	0
cgd8_4330-RA-p1	5.572768101	4.803747821	6.351669456
cgd8_4340-RA-p1	0	0	3.175834728
cgd8_4350-RA-p1	5.572768101	4.803747821	3.175834728
cgd8_4360-RA-p1	2.78638405	2.40187391	0
cgd8_4370-RA-p1	0	2.40187391	0
cgd8_4390-RA-p1	25.07745645	2.40187391	3.175834728
cgd8_440-RA-p1	5.572768101	2.40187391	6.351669456
cgd8_4400-RA-p1	0	0	0
cgd8_4410-RA-p1	0	0	0
cgd8_4420-RA-p1	0	0	0
cgd8_4430-RA-p1	2.78638405	2.40187391	3.175834728
cgd8_4435-RA-p1	0	2.40187391	0
cgd8_4460-RA-p1	2.78638405	0	0
cgd8_4470-RA-p1	0	0	0
cgd8_4480-RA-p1	0	2.40187391	3.175834728
cgd8_4490-RA-p1	2.78638405	0	0
cgd8_450-RA-p1	2.78638405	0	0
cgd8_4500-RA-p1	0	0	0
cgd8_4510-RA-p1	0	0	0
cgd8_4520-RA-p1	0	2.40187391	3.175834728
cgd8_4540-RA-p1	0	0	0
cgd8_4550-RA-p1	0	0	0
cgd8_4560-RA-p1	0	0	0
cgd8_4570-RA-p1	0	0	0
cgd8_4580-RA-p1	0	0	0
cgd8_4590-RA-p1	0	0	0
cgd8_460-RA-p1	0	7.205621731	6.351669456
cgd8_4600-RA-p1	2.78638405	0	0
cgd8_4610-RA-p1	0	4.803747821	0
cgd8_4620-RA-p1	0	0	3.175834728
cgd8_4630-RA-p1	2.78638405	0	0
cgd8_4640-RA-p1	0	2.40187391	0
cgd8_4650-RA-p1	0	0	0
cgd8_4660-RA-p1	2.78638405	2.40187391	9.527504184
cgd8_4670-RA-p1	0	0	0
cgd8_4680-RA-p1	0	12.00936955	6.351669456
cgd8_4690-RA-p1	0	2.40187391	0
cgd8_4710-RA-p1	0	0	15.87917364
cgd8_4720-RA-p1	0	0	0
cgd8_4730-RA-p1	5.572768101	0	0
cgd8_4750-RA-p1	0	0	3.175834728
cgd8_4760-RA-p1	0	0	0
cgd8_4770-RA-p1	5.572768101	14.41124346	12.70333891
cgd8_4780-RA-p1	0	2.40187391	3.175834728
cgd8_4790-RA-p1	2.78638405	2.40187391	0
cgd8_480-RA-p1	0	0	0
cgd8_4800-RA-p1	0	0	0
cgd8_4820-RA-p1	0	0	0
cgd8_4840-RA-p1	0	4.803747821	3.175834728
cgd8_4850-RA-p1	0	2.40187391	0
cgd8_4860-RA-p1	0	2.40187391	0
cgd8_4870-RA-p1	0	2.40187391	3.175834728
cgd8_4890-RA-p1	0	0	0
cgd8_490-RA-p1	0	2.40187391	0
cgd8_4900-RA-p1	0	0	3.175834728
cgd8_4920-RA-p1	0	2.40187391	0
cgd8_4930-RA-p1	2.78638405	0	0
cgd8_4940-RA-p1	0	0	0
cgd8_4950-RA-p1	0	2.40187391	0
cgd8_4980-RA-p1	0	0	0
cgd8_4990-RA-p1	0	2.40187391	0
cgd8_50-RA-p1	0	0	0
cgd8_500-RA-p1	0	2.40187391	0
cgd8_5000-RA-p1	0	0	0
cgd8_5010-RA-p1	0	2.40187391	0
cgd8_5020-RA-p1	0	0	0
cgd8_5030-RA-p1	0	0	3.175834728
cgd8_5050-RA-p1	5.572768101	2.40187391	0
cgd8_5060-RA-p1	0	4.803747821	0
cgd8_5070-RA-p1	2.78638405	2.40187391	3.175834728
cgd8_5080-RA-p1	0	2.40187391	0
cgd8_5090-RA-p1	11.1455362	4.803747821	15.87917364
cgd8_510-RA-p1	0	0	0
cgd8_5100-RA-p1	0	0	0
cgd8_5110-RA-p1	0	0	0
cgd8_5125-RA-p1	0	0	0
cgd8_5130-RA-p1	0	0	0
cgd8_5140-RA-p1	0	0	0
cgd8_5160-RA-p1	0	2.40187391	0
cgd8_5170-RA-p1	0	0	0
cgd8_5180-RA-p1	0	0	0
cgd8_5190-RA-p1	0	0	0
cgd8_520-RA-p1	0	2.40187391	6.351669456
cgd8_5200-RA-p1	0	0	0
cgd8_5210-RA-p1	0	0	0
cgd8_5220-RA-p1	2.78638405	2.40187391	0
cgd8_5230-RA-p1	41.79576076	43.23373039	22.2308431
cgd8_5240-RA-p1	0	2.40187391	3.175834728
cgd8_5250-RA-p1	0	0	0
cgd8_5260-RA-p1	0	0	0
cgd8_5270-RA-p1	0	2.40187391	0
cgd8_5280-RA-p1	0	0	0
cgd8_5290-RA-p1	2.78638405	2.40187391	3.175834728
cgd8_5300-RA-p1	0	0	0
cgd8_5310-RA-p1	0	4.803747821	6.351669456
cgd8_5320-RA-p1	2.78638405	4.803747821	0
cgd8_5340-RA-p1	0	0	0
cgd8_5350-RA-p1	0	0	0
cgd8_5360-RA-p1	0	0	3.175834728
cgd8_5370-RA-p1	2.78638405	2.40187391	0
cgd8_5390-RA-p1	0	0	0
cgd8_540-RA-p1	0	0	0
cgd8_5400-RA-p1	2.78638405	0	0
cgd8_5410-RA-p1	0	0	3.175834728
cgd8_550-RA-p1	2.78638405	4.803747821	0
cgd8_560-RA-p1	5.572768101	0	3.175834728
cgd8_570-RA-p1	0	2.40187391	6.351669456
cgd8_580-RA-p1	8.359152151	0	0
cgd8_590-RA-p1	0	0	0
cgd8_60-RA-p1	0	0	0
cgd8_600-RA-p1	0	0	0
cgd8_610-RA-p1	2.78638405	14.41124346	0
cgd8_630-RA-p1	0	0	0
cgd8_640-RA-p1	2.78638405	4.803747821	0
cgd8_650-RA-p1	0	2.40187391	9.527504184
cgd8_660-RA-p1	0	0	0
cgd8_670-RA-p1	0	0	0
cgd8_680-RA-p1	0	0	0
cgd8_690-RA-p1	0	4.803747821	0
cgd8_70-RA-p1	0	0	0
cgd8_700-RA-p1	0	4.803747821	6.351669456
cgd8_710-RA-p1	5.572768101	0	0
cgd8_720-RA-p1	11.1455362	0	6.351669456
cgd8_740-RA-p1	0	0	0
cgd8_750-RA-p1	0	0	0
cgd8_760-RA-p1	0	0	0
cgd8_770-RA-p1	0	4.803747821	3.175834728
cgd8_780-RA-p1	2.78638405	0	9.527504184
cgd8_790-RA-p1	2.78638405	2.40187391	0
cgd8_80-RA-p1	2.78638405	7.205621731	0
cgd8_810-RA-p1	0	4.803747821	0
cgd8_820-RA-p1	0	0	3.175834728
cgd8_830-RA-p1	2.78638405	4.803747821	0
cgd8_840-RA-p1	0	0	0
cgd8_850-RA-p1	0	0	0
cgd8_860-RA-p1	2.78638405	0	3.175834728
cgd8_890-RA-p1	0	0	0
cgd8_90-RA-p1	0	0	0
cgd8_900-RA-p1	2.78638405	4.803747821	0
cgd8_910-RA-p1	0	0	0
cgd8_930-RA-p1	0	0	0
cgd8_940-RA-p1	8.359152151	0	0
cgd8_960-RA-p1	0	0	3.175834728
cgd8_970-RA-p1	2.78638405	4.803747821	0
cgd8_980-RA-p1	0	2.40187391	0
cgd8_990-RA-p1	0	4.803747821	3.175834728
