cgd1_1010-RA-p1	0	2.202863082	0
cgd1_1040-RA-p1	0	1.101431541	3.194488822
cgd1_1060-RA-p1	0	0	0
cgd1_1070-RA-p1	1.368771266	0	0
cgd1_1090-RA-p1	0	1.101431541	1.597244411
cgd1_110-RA-p1	0	0	0
cgd1_1100-RA-p1	1.368771266	1.101431541	0
cgd1_1110-RA-p1	1.368771266	4.405726165	3.194488822
cgd1_1120-RA-p1	1.368771266	4.405726165	7.986222054
cgd1_1130-RA-p1	0	0	0
cgd1_1140-RA-p1	1.368771266	0	0
cgd1_1150-RA-p1	2.737542532	0	1.597244411
cgd1_1160-RA-p1	1.368771266	4.405726165	0
cgd1_1170-RA-p1	2.737542532	3.304294624	0
cgd1_120-RA-p1	0	1.101431541	1.597244411
cgd1_1200-RA-p1	0	1.101431541	0
cgd1_1210-RA-p1	1.368771266	0	0
cgd1_1220-RA-p1	0	1.101431541	0
cgd1_1230-RA-p1	0	0	1.597244411
cgd1_1240-RA-p1	1.368771266	0	0
cgd1_1250-RA-p1	0	2.202863082	3.194488822
cgd1_1260-RA-p1	1.368771266	1.101431541	0
cgd1_1270-RA-p1	6.84385633	6.608589247	0
cgd1_1290-RA-p1	0	1.101431541	0
cgd1_130-RA-p1	1.368771266	0	0
cgd1_1310-RA-p1	4.106313798	2.202863082	0
cgd1_1320-RA-p1	0	2.202863082	0
cgd1_1330-RA-p1	1.368771266	0	6.388977643
cgd1_1350-RA-p1	2.737542532	0	0
cgd1_1360-RA-p1	0	2.202863082	0
cgd1_1370-RA-p1	0	0	1.597244411
cgd1_1380-RA-p1	0	1.101431541	3.194488822
cgd1_1390-RA-p1	0	0	0
cgd1_140-RA-p1	0	0	0
cgd1_1400-RA-p1	4.106313798	2.202863082	0
cgd1_1410-RA-p1	0	1.101431541	0
cgd1_1420-RA-p1	0	1.101431541	0
cgd1_1450-RA-p1	2.737542532	1.101431541	0
cgd1_1460-RA-p1	0	2.202863082	1.597244411
cgd1_1480-RA-p1	0	0	3.194488822
cgd1_1490-RA-p1	0	1.101431541	0
cgd1_150-RA-p1	0	0	1.597244411
cgd1_1500-RA-p1	0	2.202863082	1.597244411
cgd1_1510-RA-p1	1.368771266	2.202863082	0
cgd1_1520-RA-p1	5.475085064	5.507157706	12.77795529
cgd1_1530-RA-p1	0	1.101431541	0
cgd1_1540-RA-p1	0	1.101431541	0
cgd1_1550-RA-p1	1.368771266	0	0
cgd1_1560-RA-p1	2.737542532	3.304294624	0
cgd1_1570-RA-p1	1.368771266	2.202863082	7.986222054
cgd1_1580-RA-p1	1.368771266	2.202863082	9.583466465
cgd1_1600-RA-p1	2.737542532	0	3.194488822
cgd1_1620-RA-p1	0	0	0
cgd1_1630-RA-p1	1.368771266	1.101431541	0
cgd1_1640-RA-p1	0	1.101431541	0
cgd1_1660-RA-p1	9.581398862	6.608589247	4.791733233
cgd1_1670-RA-p1	0	0	1.597244411
cgd1_1680-RA-p1	1.368771266	1.101431541	0
cgd1_1690-RA-p1	2.737542532	5.507157706	0
cgd1_170-RA-p1	0	0	1.597244411
cgd1_1700-RA-p1	1.368771266	1.101431541	0
cgd1_1720-RA-p1	0	0	1.597244411
cgd1_1730-RA-p1	0	0	0
cgd1_1760-RA-p1	0	0	1.597244411
cgd1_1770-RA-p1	0	1.101431541	0
cgd1_1790-RA-p1	0	0	0
cgd1_1830-RA-p1	0	0	1.597244411
cgd1_1840-RA-p1	0	0	1.597244411
cgd1_1850-RA-p1	0	1.101431541	0
cgd1_1890-RA-p1	0	0	0
cgd1_190-RA-p1	0	1.101431541	0
cgd1_1900-RA-p1	0	0	0
cgd1_1910-RA-p1	0	0	3.194488822
cgd1_1920-RA-p1	1.368771266	1.101431541	1.597244411
cgd1_1940-RA-p1	0	2.202863082	1.597244411
cgd1_1950-RA-p1	1.368771266	0	0
cgd1_1970-RA-p1	1.368771266	1.101431541	3.194488822
cgd1_1990-RA-p1	0	1.101431541	1.597244411
cgd1_20-RA-p1	0	1.101431541	0
cgd1_200-RA-p1	1.368771266	0	0
cgd1_2000-RA-p1	1.368771266	1.101431541	1.597244411
cgd1_2010-RA-p1	0	1.101431541	1.597244411
cgd1_2030-RA-p1	0	1.101431541	0
cgd1_2040-RA-p1	6.84385633	18.7243362	7.986222054
cgd1_210-RA-p1	0	0	0
cgd1_2110-RA-p1	0	1.101431541	0
cgd1_2130-RA-p1	1.368771266	0	0
cgd1_2140-RA-p1	1.368771266	2.202863082	1.597244411
cgd1_2180-RA-p1	0	1.101431541	1.597244411
cgd1_220-RA-p1	0	0	0
cgd1_2200-RA-p1	1.368771266	0	0
cgd1_2220-RA-p1	0	1.101431541	3.194488822
cgd1_2240-RA-p1	0	0	0
cgd1_2250-RA-p1	0	0	0
cgd1_2270-RA-p1	6.84385633	4.405726165	3.194488822
cgd1_2280-RA-p1	0	0	0
cgd1_2290-RA-p1	0	0	0
cgd1_230-RA-p1	0	0	0
cgd1_2300-RA-p1	0	0	0
cgd1_2310-RA-p1	0	0	0
cgd1_2320-RA-p1	2.737542532	0	0
cgd1_2350-RA-p1	0	0	0
cgd1_240-RA-p1	1.368771266	0	0
cgd1_2400-RA-p1	10.95017013	9.912883871	4.791733233
cgd1_2420-RA-p1	0	0	0
cgd1_2450-RA-p1	0	1.101431541	0
cgd1_2460-RA-p1	1.368771266	2.202863082	0
cgd1_2490-RA-p1	5.475085064	1.101431541	1.597244411
cgd1_250-RA-p1	0	0	4.791733233
cgd1_2510-RA-p1	0	0	0
cgd1_2520-RA-p1	0	0	1.597244411
cgd1_2530-RA-p1	4.106313798	2.202863082	4.791733233
cgd1_2580-RA-p1	0	1.101431541	1.597244411
cgd1_2600-RA-p1	0	0	0
cgd1_2620-RA-p1	0	0	1.597244411
cgd1_2630-RA-p1	1.368771266	0	0
cgd1_2670-RA-p1	0	0	1.597244411
cgd1_2680-RA-p1	0	1.101431541	0
cgd1_2690-RA-p1	0	0	0
cgd1_2700-RA-p1	0	0	1.597244411
cgd1_2710-RA-p1	0	0	0
cgd1_2720-RA-p1	0	0	0
cgd1_2730-RA-p1	0	0	1.597244411
cgd1_2740-RA-p1	0	0	1.597244411
cgd1_2760-RA-p1	0	0	0
cgd1_2770-RA-p1	1.368771266	0	0
cgd1_280-RA-p1	1.368771266	0	1.597244411
cgd1_2800-RA-p1	0	1.101431541	0
cgd1_2830-RA-p1	0	1.101431541	0
cgd1_2840-RA-p1	0	1.101431541	0
cgd1_2850-RA-p1	0	0	0
cgd1_2860-RA-p1	1.368771266	0	0
cgd1_2870-RA-p1	0	0	0
cgd1_290-RA-p1	0	0	1.597244411
cgd1_2900-RA-p1	0	1.101431541	0
cgd1_2910-RA-p1	0	0	0
cgd1_2960-RA-p1	1.368771266	0	0
cgd1_2970-RA-p1	1.368771266	0	0
cgd1_2980-RA-p1	19.16279772	5.507157706	9.583466465
cgd1_300-RA-p1	8.212627596	11.01431541	7.986222054
cgd1_3000-RA-p1	4.106313798	11.01431541	9.583466465
cgd1_3010-RA-p1	1.368771266	0	0
cgd1_3020-RA-p1	26.00665405	4.405726165	3.194488822
cgd1_3030-RA-p1	0	0	0
cgd1_3040-RA-p1	5.475085064	3.304294624	3.194488822
cgd1_3050-RA-p1	0	1.101431541	3.194488822
cgd1_3070-RA-p1	0	0	3.194488822
cgd1_310-RA-p1	0	1.101431541	1.597244411
cgd1_3120-RA-p1	0	0	1.597244411
cgd1_3130-RA-p1	0	0	3.194488822
cgd1_3140-RA-p1	0	0	0
cgd1_3150-RA-p1	0	0	1.597244411
cgd1_3160-RA-p1	0	2.202863082	0
cgd1_3170-RA-p1	1.368771266	1.101431541	6.388977643
cgd1_3180-RA-p1	1.368771266	4.405726165	3.194488822
cgd1_3200-RA-p1	0	0	0
cgd1_3210-RA-p1	0	1.101431541	0
cgd1_3220-RA-p1	5.475085064	0	1.597244411
cgd1_3230-RA-p1	1.368771266	1.101431541	0
cgd1_3240-RA-p1	4.106313798	0	1.597244411
cgd1_3250-RA-p1	0	1.101431541	0
cgd1_3260-RA-p1	0	1.101431541	1.597244411
cgd1_3270-RA-p1	0	0	1.597244411
cgd1_3290-RA-p1	1.368771266	1.101431541	4.791733233
cgd1_330-RA-p1	4.106313798	3.304294624	3.194488822
cgd1_3300-RA-p1	0	1.101431541	3.194488822
cgd1_3320-RA-p1	0	0	0
cgd1_3340-RA-p1	0	0	0
cgd1_3350-RA-p1	0	2.202863082	3.194488822
cgd1_3360-RA-p1	0	0	1.597244411
cgd1_3370-RA-p1	2.737542532	2.202863082	1.597244411
cgd1_3380-RA-p1	1.368771266	0	0
cgd1_3390-RA-p1	1.368771266	0	0
cgd1_340-RA-p1	0	1.101431541	1.597244411
cgd1_3420-RA-p1	1.368771266	0	0
cgd1_3440-RA-p1	0	1.101431541	0
cgd1_3450-RA-p1	0	0	1.597244411
cgd1_3480-RA-p1	1.368771266	0	7.986222054
cgd1_3490-RA-p1	0	0	0
cgd1_3500-RA-p1	1.368771266	1.101431541	3.194488822
cgd1_3510-RA-p1	0	1.101431541	0
cgd1_3520-RA-p1	1.368771266	0	0
cgd1_3530-RA-p1	0	2.202863082	1.597244411
cgd1_3540-RA-p1	1.368771266	0	4.791733233
cgd1_3590-RA-p1	0	0	0
cgd1_3610-RA-p1	0	0	0
cgd1_3620-RA-p1	0	0	0
cgd1_3630-RA-p1	0	1.101431541	0
cgd1_3640-RA-p1	0	0	4.791733233
cgd1_3670-RA-p1	0	0	6.388977643
cgd1_3680-RA-p1	2.737542532	0	0
cgd1_370-RA-p1	2.737542532	0	0
cgd1_3700-RA-p1	1.368771266	0	0
cgd1_3720-RA-p1	0	0	0
cgd1_3730-RA-p1	1.368771266	1.101431541	6.388977643
cgd1_3740-RA-p1	1.368771266	2.202863082	0
cgd1_3750-RA-p1	0	1.101431541	0
cgd1_3760-RA-p1	0	1.101431541	0
cgd1_3770-RA-p1	0	0	3.194488822
cgd1_3780-RA-p1	5.475085064	0	1.597244411
cgd1_3790-RA-p1	0	0	0
cgd1_3810-RA-p1	10.95017013	12.11574695	7.986222054
cgd1_3820-RA-p1	0	0	3.194488822
cgd1_3840-RA-p1	0	0	0
cgd1_3850-RA-p1	0	4.405726165	3.194488822
cgd1_3860-RA-p1	0	0	0
cgd1_390-RA-p1	0	0	0
cgd1_40-RA-p1	0	0	1.597244411
cgd1_400-RA-p1	0	0	1.597244411
cgd1_410-RA-p1	0	1.101431541	0
cgd1_420-RA-p1	0	1.101431541	0
cgd1_430-RA-p1	0	0	0
cgd1_440-RA-p1	0	2.202863082	0
cgd1_460-RA-p1	2.737542532	0	0
cgd1_470-RA-p1	0	1.101431541	0
cgd1_50-RA-p1	0	0	0
cgd1_500-RA-p1	4.106313798	0	3.194488822
cgd1_510-RA-p1	4.106313798	9.912883871	1.597244411
cgd1_530-RA-p1	4.106313798	1.101431541	1.597244411
cgd1_540-RA-p1	1.368771266	0	0
cgd1_550-RA-p1	0	0	0
cgd1_560-RA-p1	0	1.101431541	1.597244411
cgd1_570-RA-p1	0	1.101431541	0
cgd1_580-RA-p1	1.368771266	0	0
cgd1_590-RA-p1	5.475085064	5.507157706	12.77795529
cgd1_60-RA-p1	1.368771266	0	0
cgd1_600-RA-p1	0	0	1.597244411
cgd1_610-RA-p1	1.368771266	0	0
cgd1_620-RA-p1	1.368771266	0	1.597244411
cgd1_630-RA-p1	0	0	1.597244411
cgd1_640-RA-p1	0	2.202863082	0
cgd1_650-RA-p1	0	0	1.597244411
cgd1_660-RA-p1	2.737542532	2.202863082	3.194488822
cgd1_670-RA-p1	0	1.101431541	0
cgd1_680-RA-p1	0	0	3.194488822
cgd1_70-RA-p1	0	0	1.597244411
cgd1_710-RA-p1	1.368771266	0	1.597244411
cgd1_730-RA-p1	0	0	0
cgd1_740-RA-p1	4.106313798	3.304294624	0
cgd1_750-RA-p1	0	0	1.597244411
cgd1_760-RA-p1	5.475085064	4.405726165	7.986222054
cgd1_770-RA-p1	2.737542532	0	0
cgd1_800-RA-p1	0	1.101431541	1.597244411
cgd1_830-RA-p1	2.737542532	2.202863082	0
cgd1_850-RA-p1	5.475085064	5.507157706	3.194488822
cgd1_860-RA-p1	1.368771266	2.202863082	1.597244411
cgd1_870-RA-p1	0	1.101431541	0
cgd1_880-RA-p1	2.737542532	2.202863082	4.791733233
cgd1_890-RA-p1	1.368771266	0	0
cgd1_90-RA-p1	0	0	0
cgd1_910-RA-p1	2.737542532	5.507157706	1.597244411
cgd1_930-RA-p1	2.737542532	2.202863082	1.597244411
cgd1_940-RA-p1	0	1.101431541	0
cgd1_950-RA-p1	0	1.101431541	0
cgd1_960-RA-p1	0	0	1.597244411
cgd1_980-RA-p1	32.85051039	42.95583011	35.13937704
cgd1_990-RA-p1	0	2.202863082	6.388977643
cgd2_10-RA-p1	0	0	0
cgd2_100-RA-p1	2.737542532	6.608589247	4.791733233
cgd2_1010-RA-p1	0	0	0
cgd2_1020-RA-p1	0	0	1.597244411
cgd2_1030-RA-p1	0	0	1.597244411
cgd2_1050-RA-p1	0	0	0
cgd2_1060-RA-p1	1.368771266	1.101431541	0
cgd2_1070-RA-p1	12.31894139	12.11574695	14.3751997
cgd2_1090-RA-p1	1.368771266	0	0
cgd2_1140-RA-p1	0	1.101431541	1.597244411
cgd2_1150-RA-p1	9.581398862	1.101431541	1.597244411
cgd2_1160-RA-p1	1.368771266	1.101431541	0
cgd2_1170-RA-p1	0	0	0
cgd2_1190-RA-p1	0	2.202863082	0
cgd2_120-RA-p1	0	1.101431541	1.597244411
cgd2_1200-RA-p1	1.368771266	1.101431541	0
cgd2_1220-RA-p1	0	1.101431541	0
cgd2_1240-RA-p1	0	0	0
cgd2_1250-RA-p1	1.368771266	0	0
cgd2_1260-RA-p1	1.368771266	0	0
cgd2_1270-RA-p1	0	0	0
cgd2_1290-RA-p1	0	0	0
cgd2_130-RA-p1	6.84385633	6.608589247	3.194488822
cgd2_1300-RA-p1	0	0	3.194488822
cgd2_1310-RA-p1	0	0	0
cgd2_1330-RA-p1	0	0	0
cgd2_1340-RA-p1	0	0	0
cgd2_1350-RA-p1	1.368771266	0	1.597244411
cgd2_1360-RA-p1	1.368771266	6.608589247	4.791733233
cgd2_1370-RA-p1	0	0	1.597244411
cgd2_1375-RA-p1	0	0	0
cgd2_1380-RA-p1	4.106313798	0	0
cgd2_1390-RA-p1	0	0	3.194488822
cgd2_140-RA-p1	2.737542532	3.304294624	0
cgd2_1410-RA-p1	4.106313798	0	1.597244411
cgd2_1420-RA-p1	1.368771266	0	0
cgd2_1430-RA-p1	0	0	1.597244411
cgd2_1440-RA-p1	1.368771266	0	0
cgd2_1480-RA-p1	1.368771266	0	0
cgd2_150-RA-p1	0	1.101431541	0
cgd2_1500-RA-p1	1.368771266	0	3.194488822
cgd2_1510-RA-p1	1.368771266	0	1.597244411
cgd2_1520-RA-p1	2.737542532	0	1.597244411
cgd2_1530-RA-p1	0	0	1.597244411
cgd2_1550-RA-p1	0	0	0
cgd2_1560-RA-p1	0	0	1.597244411
cgd2_160-RA-p1	0	0	1.597244411
cgd2_1600-RA-p1	0	1.101431541	3.194488822
cgd2_1610-RA-p1	1.368771266	0	0
cgd2_1620-RA-p1	1.368771266	0	0
cgd2_1650-RA-p1	0	2.202863082	0
cgd2_1670-RA-p1	0	0	0
cgd2_170-RA-p1	0	1.101431541	3.194488822
cgd2_1710-RA-p1	2.737542532	1.101431541	1.597244411
cgd2_1740-RA-p1	0	0	1.597244411
cgd2_1750-RA-p1	0	1.101431541	0
cgd2_1760-RA-p1	1.368771266	0	0
cgd2_1770-RA-p1	1.368771266	0	1.597244411
cgd2_1780-RA-p1	1.368771266	2.202863082	7.986222054
cgd2_1790-RA-p1	0	1.101431541	0
cgd2_180-RA-p1	2.737542532	1.101431541	0
cgd2_1800-RA-p1	1.368771266	1.101431541	0
cgd2_1810-RA-p1	1.368771266	0	0
cgd2_1820-RA-p1	4.106313798	1.101431541	0
cgd2_1840-RA-p1	1.368771266	2.202863082	4.791733233
cgd2_1850-RA-p1	0	2.202863082	0
cgd2_1860-RA-p1	0	1.101431541	0
cgd2_1870-RA-p1	0	0	0
cgd2_1890-RA-p1	1.368771266	2.202863082	3.194488822
cgd2_190-RA-p1	1.368771266	0	0
cgd2_1900-RA-p1	2.737542532	0	0
cgd2_1910-RA-p1	6.84385633	8.81145233	12.77795529
cgd2_1930-RA-p1	0	0	0
cgd2_1940-RA-p1	0	0	0
cgd2_1950-RA-p1	0	0	0
cgd2_1960-RA-p1	0	0	0
cgd2_1990-RA-p1	0	0	1.597244411
cgd2_20-RA-p1	0	1.101431541	0
cgd2_200-RA-p1	0	7.710020789	6.388977643
cgd2_2000-RA-p1	0	0	0
cgd2_2010-RA-p1	1.368771266	0	1.597244411
cgd2_2020-RA-p1	0	1.101431541	1.597244411
cgd2_2030-RA-p1	0	0	0
cgd2_2040-RA-p1	0	1.101431541	0
cgd2_2050-RA-p1	0	1.101431541	0
cgd2_2060-RA-p1	0	0	0
cgd2_2070-RA-p1	0	0	3.194488822
cgd2_2080-RA-p1	0	0	0
cgd2_210-RA-p1	0	1.101431541	0
cgd2_2100-RA-p1	4.106313798	4.405726165	3.194488822
cgd2_2110-RA-p1	49.27576558	106.8388595	46.32008791
cgd2_2120-RA-p1	26.00665405	16.52147312	9.583466465
cgd2_2130-RA-p1	1.368771266	1.101431541	0
cgd2_2140-RA-p1	0	1.101431541	3.194488822
cgd2_2150-RA-p1	2.737542532	2.202863082	1.597244411
cgd2_2170-RA-p1	0	0	0
cgd2_220-RA-p1	1.368771266	0	0
cgd2_2200-RA-p1	1.368771266	16.52147312	3.194488822
cgd2_2210-RA-p1	0	0	0
cgd2_2220-RA-p1	1.368771266	0	0
cgd2_2230-RA-p1	0	0	0
cgd2_2240-RA-p1	1.368771266	0	0
cgd2_2260-RA-p1	1.368771266	0	0
cgd2_2270-RA-p1	0	0	1.597244411
cgd2_2280-RA-p1	0	0	1.597244411
cgd2_2310-RA-p1	0	0	0
cgd2_2340-RA-p1	0	3.304294624	0
cgd2_2350-RA-p1	0	3.304294624	3.194488822
cgd2_2360-RA-p1	0	0	0
cgd2_2400-RA-p1	0	0	1.597244411
cgd2_2410-RA-p1	0	1.101431541	0
cgd2_2420-RA-p1	1.368771266	1.101431541	1.597244411
cgd2_2430-RA-p1	0	0	0
cgd2_2440-RA-p1	2.737542532	2.202863082	3.194488822
cgd2_2450-RA-p1	0	0	0
cgd2_2460-RA-p1	0	2.202863082	1.597244411
cgd2_2480-RA-p1	0	2.202863082	4.791733233
cgd2_2490-RA-p1	0	0	0
cgd2_250-RA-p1	0	2.202863082	1.597244411
cgd2_2500-RA-p1	1.368771266	0	0
cgd2_2530-RA-p1	0	0	1.597244411
cgd2_2540-RA-p1	6.84385633	5.507157706	4.791733233
cgd2_2550-RA-p1	0	0	3.194488822
cgd2_2560-RA-p1	0	0	0
cgd2_2570-RA-p1	4.106313798	3.304294624	0
cgd2_2580-RA-p1	2.737542532	0	0
cgd2_2610-RA-p1	2.737542532	0	0
cgd2_2630-RA-p1	0	0	1.597244411
cgd2_2640-RA-p1	0	1.101431541	0
cgd2_2650-RA-p1	1.368771266	3.304294624	0
cgd2_2660-RA-p1	0	0	1.597244411
cgd2_2670-RA-p1	0	3.304294624	0
cgd2_2690-RA-p1	0	2.202863082	0
cgd2_270-RA-p1	1.368771266	1.101431541	1.597244411
cgd2_2700-RA-p1	0	1.101431541	0
cgd2_2710-RA-p1	0	0	0
cgd2_2720-RA-p1	0	0	0
cgd2_2730-RA-p1	0	0	0
cgd2_2750-RA-p1	1.368771266	7.710020789	19.16693293
cgd2_2760-RA-p1	1.368771266	0	3.194488822
cgd2_2770-RA-p1	0	0	0
cgd2_2780-RA-p1	0	0	0
cgd2_2790-RA-p1	0	0	1.597244411
cgd2_280-RA-p1	20.53156899	18.7243362	15.97244411
cgd2_2800-RA-p1	1.368771266	0	1.597244411
cgd2_2810-RA-p1	1.368771266	0	0
cgd2_2820-RA-p1	0	2.202863082	0
cgd2_2840-RA-p1	0	0	1.597244411
cgd2_2860-RA-p1	0	0	0
cgd2_2870-RA-p1	19.16279772	23.13006237	28.7503994
cgd2_290-RA-p1	4.106313798	2.202863082	0
cgd2_2900-RA-p1	1.368771266	1.101431541	0
cgd2_2910-RA-p1	1.368771266	1.101431541	1.597244411
cgd2_2920-RA-p1	1.368771266	0	1.597244411
cgd2_2940-RA-p1	0	1.101431541	0
cgd2_2960-RA-p1	0	0	1.597244411
cgd2_2970-RA-p1	0	2.202863082	0
cgd2_2980-RA-p1	0	3.304294624	0
cgd2_2990-RA-p1	0	7.710020789	6.388977643
cgd2_30-RA-p1	0	0	3.194488822
cgd2_300-RA-p1	0	0	0
cgd2_3000-RA-p1	0	1.101431541	3.194488822
cgd2_3010-RA-p1	0	0	1.597244411
cgd2_3040-RA-p1	6.84385633	19.82576774	4.791733233
cgd2_3070-RA-p1	0	2.202863082	1.597244411
cgd2_3090-RA-p1	0	0	1.597244411
cgd2_310-RA-p1	0	1.101431541	1.597244411
cgd2_3100-RA-p1	0	0	0
cgd2_3110-RA-p1	1.368771266	0	0
cgd2_3120-RA-p1	0	0	0
cgd2_3130-RA-p1	0	1.101431541	0
cgd2_3160-RA-p1	0	0	0
cgd2_3170-RA-p1	0	0	1.597244411
cgd2_3190-RA-p1	0	0	0
cgd2_320-RA-p1	0	2.202863082	0
cgd2_3200-RA-p1	0	1.101431541	0
cgd2_3210-RA-p1	1.368771266	1.101431541	3.194488822
cgd2_3220-RA-p1	1.368771266	0	1.597244411
cgd2_3240-RA-p1	0	1.101431541	0
cgd2_3260-RA-p1	0	2.202863082	1.597244411
cgd2_3270-RA-p1	2.737542532	1.101431541	0
cgd2_3290-RA-p1	1.368771266	0	0
cgd2_330-RA-p1	0	0	0
cgd2_3300-RA-p1	0	0	1.597244411
cgd2_3310-RA-p1	0	0	1.597244411
cgd2_3320-RA-p1	5.475085064	1.101431541	4.791733233
cgd2_3330-RA-p1	2.737542532	0	0
cgd2_3340-RA-p1	0	0	3.194488822
cgd2_3350-RA-p1	1.368771266	2.202863082	1.597244411
cgd2_3360-RA-p1	0	0	1.597244411
cgd2_3370-RA-p1	1.368771266	0	0
cgd2_340-RA-p1	0	0	1.597244411
cgd2_3400-RA-p1	5.475085064	3.304294624	3.194488822
cgd2_3410-RA-p1	4.106313798	7.710020789	6.388977643
cgd2_3420-RA-p1	0	1.101431541	1.597244411
cgd2_3430-RA-p1	0	0	1.597244411
cgd2_3440-RA-p1	1.368771266	0	0
cgd2_3450-RA-p1	0	0	0
cgd2_3480-RA-p1	0	1.101431541	1.597244411
cgd2_3490-RA-p1	1.368771266	2.202863082	4.791733233
cgd2_350-RA-p1	0	0	0
cgd2_3510-RA-p1	0	0	3.194488822
cgd2_3530-RA-p1	0	0	0
cgd2_3540-RA-p1	0	0	4.791733233
cgd2_3550-RA-p1	0	0	0
cgd2_3560-RA-p1	1.368771266	0	0
cgd2_3580-RA-p1	1.368771266	0	0
cgd2_3585-RA-p1	5.475085064	5.507157706	11.18071088
cgd2_3590-RA-p1	1.368771266	0	3.194488822
cgd2_360-RA-p1	0	0	0
cgd2_3620-RA-p1	0	1.101431541	1.597244411
cgd2_3630-RA-p1	0	0	0
cgd2_3640-RA-p1	1.368771266	6.608589247	1.597244411
cgd2_3670-RA-p1	0	1.101431541	0
cgd2_3680-RA-p1	0	1.101431541	1.597244411
cgd2_370-RA-p1	0	0	0
cgd2_3700-RA-p1	0	0	0
cgd2_3710-RA-p1	0	1.101431541	0
cgd2_3730-RA-p1	6.84385633	5.507157706	0
cgd2_3760-RA-p1	0	1.101431541	1.597244411
cgd2_3770-RA-p1	2.737542532	1.101431541	3.194488822
cgd2_3790-RA-p1	0	1.101431541	0
cgd2_380-RA-p1	0	1.101431541	0
cgd2_3810-RA-p1	1.368771266	1.101431541	0
cgd2_3820-RA-p1	0	0	1.597244411
cgd2_3840-RA-p1	0	1.101431541	0
cgd2_3850-RA-p1	0	0	3.194488822
cgd2_3870-RA-p1	0	1.101431541	0
cgd2_3880-RA-p1	1.368771266	0	1.597244411
cgd2_3890-RA-p1	2.737542532	2.202863082	1.597244411
cgd2_390-RA-p1	0	2.202863082	0
cgd2_3900-RA-p1	1.368771266	0	0
cgd2_3910-RA-p1	1.368771266	0	0
cgd2_3920-RA-p1	1.368771266	0	4.791733233
cgd2_3930-RA-p1	0	1.101431541	1.597244411
cgd2_3950-RA-p1	1.368771266	2.202863082	3.194488822
cgd2_3960-RA-p1	2.737542532	0	0
cgd2_3970-RA-p1	2.737542532	1.101431541	1.597244411
cgd2_3990-RA-p1	1.368771266	0	4.791733233
cgd2_400-RA-p1	0	0	0
cgd2_4000-RA-p1	0	0	0
cgd2_4010-RA-p1	0	0	0
cgd2_4020-RA-p1	0	0	0
cgd2_4030-RA-p1	0	0	1.597244411
cgd2_4040-RA-p1	0	0	1.597244411
cgd2_4050-RA-p1	0	3.304294624	4.791733233
cgd2_4060-RA-p1	0	1.101431541	0
cgd2_4070-RA-p1	0	0	1.597244411
cgd2_4090-RA-p1	0	3.304294624	3.194488822
cgd2_410-RA-p1	0	1.101431541	3.194488822
cgd2_4100-RA-p1	2.737542532	4.405726165	7.986222054
cgd2_4110-RA-p1	0	0	0
cgd2_4120-RA-p1	2.737542532	6.608589247	4.791733233
cgd2_4130-RA-p1	1.368771266	0	0
cgd2_4140-RA-p1	0	0	0
cgd2_4150-RA-p1	2.737542532	1.101431541	4.791733233
cgd2_4180-RA-p1	2.737542532	3.304294624	0
cgd2_420-RA-p1	1.368771266	1.101431541	0
cgd2_4200-RA-p1	0	0	0
cgd2_4210-RA-p1	1.368771266	0	0
cgd2_4240-RA-p1	0	0	0
cgd2_4260-RA-p1	8.212627596	7.710020789	4.791733233
cgd2_4270-RA-p1	0	1.101431541	0
cgd2_4280-RA-p1	1.368771266	0	0
cgd2_430-RA-p1	8.212627596	8.81145233	6.388977643
cgd2_4300-RA-p1	0	2.202863082	1.597244411
cgd2_4310-RA-p1	1.368771266	0	4.791733233
cgd2_4320-RA-p1	0	0	0
cgd2_4330-RA-p1	0	2.202863082	1.597244411
cgd2_4340-RA-p1	1.368771266	3.304294624	0
cgd2_4350-RA-p1	0	0	1.597244411
cgd2_4360-RA-p1	1.368771266	2.202863082	1.597244411
cgd2_4370-RA-p1	0	0	1.597244411
cgd2_4380-RA-p1	0	0	0
cgd2_450-RA-p1	2.737542532	3.304294624	0
cgd2_470-RA-p1	0	1.101431541	3.194488822
cgd2_490-RA-p1	2.737542532	4.405726165	3.194488822
cgd2_50-RA-p1	0	0	1.597244411
cgd2_500-RA-p1	1.368771266	3.304294624	3.194488822
cgd2_520-RA-p1	1.368771266	0	0
cgd2_530-RA-p1	0	0	0
cgd2_550-RA-p1	2.737542532	0	1.597244411
cgd2_560-RA-p1	0	1.101431541	0
cgd2_580-RA-p1	1.368771266	2.202863082	0
cgd2_60-RA-p1	15.05648393	25.33292545	28.7503994
cgd2_600-RA-p1	0	0	0
cgd2_610-RA-p1	1.368771266	1.101431541	3.194488822
cgd2_620-RA-p1	0	0	0
cgd2_630-RA-p1	8.212627596	11.01431541	7.986222054
cgd2_640-RA-p1	0	1.101431541	1.597244411
cgd2_660-RA-p1	1.368771266	0	0
cgd2_670-RA-p1	0	0	0
cgd2_680-RA-p1	0	0	1.597244411
cgd2_690-RA-p1	0	2.202863082	1.597244411
cgd2_70-RA-p1	0	0	1.597244411
cgd2_700-RA-p1	0	1.101431541	1.597244411
cgd2_730-RA-p1	1.368771266	0	0
cgd2_740-RA-p1	2.737542532	1.101431541	0
cgd2_750-RA-p1	4.106313798	0	1.597244411
cgd2_760-RA-p1	0	0	1.597244411
cgd2_770-RA-p1	1.368771266	1.101431541	0
cgd2_780-RA-p1	0	1.101431541	0
cgd2_790-RA-p1	52.01330811	61.68016631	23.95866616
cgd2_800-RA-p1	2.737542532	1.101431541	3.194488822
cgd2_810-RA-p1	0	1.101431541	1.597244411
cgd2_820-RA-p1	5.475085064	6.608589247	0
cgd2_830-RA-p1	0	0	0
cgd2_840-RA-p1	0	0	0
cgd2_850-RA-p1	4.106313798	12.11574695	3.194488822
cgd2_860-RA-p1	0	1.101431541	0
cgd2_870-RA-p1	0	1.101431541	3.194488822
cgd2_880-RA-p1	0	0	0
cgd2_890-RA-p1	0	0	0
cgd2_90-RA-p1	0	0	0
cgd2_900-RA-p1	0	0	0
cgd2_910-RA-p1	0	1.101431541	0
cgd2_920-RA-p1	0	0	0
cgd2_930-RA-p1	0	2.202863082	0
cgd2_940-RA-p1	1.368771266	2.202863082	7.986222054
cgd2_960-RA-p1	0	2.202863082	0
cgd2_970-RA-p1	2.737542532	0	0
cgd2_980-RA-p1	1.368771266	0	0
cgd2_990-RA-p1	0	3.304294624	0
cgd3_10-RA-p1	0	1.101431541	1.597244411
cgd3_1000-RA-p1	0	0	3.194488822
cgd3_1020-RA-p1	2.737542532	2.202863082	0
cgd3_1030-RA-p1	0	1.101431541	0
cgd3_1050-RA-p1	0	0	0
cgd3_1060-RA-p1	0	0	0
cgd3_1070-RA-p1	1.368771266	0	0
cgd3_1080-RA-p1	0	1.101431541	0
cgd3_110-RA-p1	0	0	0
cgd3_1100-RA-p1	4.106313798	1.101431541	1.597244411
cgd3_1110-RA-p1	0	0	1.597244411
cgd3_1120-RA-p1	2.737542532	0	0
cgd3_1140-RA-p1	0	0	0
cgd3_1150-RA-p1	0	0	1.597244411
cgd3_1160-RA-p1	0	3.304294624	0
cgd3_1170-RA-p1	0	0	1.597244411
cgd3_1180-RA-p1	0	0	0
cgd3_120-RA-p1	0	2.202863082	1.597244411
cgd3_1200-RA-p1	0	0	1.597244411
cgd3_1210-RA-p1	0	1.101431541	0
cgd3_1220-RA-p1	1.368771266	1.101431541	0
cgd3_1230-RA-p1	0	1.101431541	3.194488822
cgd3_1240-RA-p1	1.368771266	0	0
cgd3_1250-RA-p1	8.212627596	5.507157706	4.791733233
cgd3_1260-RA-p1	0	0	1.597244411
cgd3_1270-RA-p1	0	1.101431541	3.194488822
cgd3_1280-RA-p1	0	2.202863082	1.597244411
cgd3_1290-RA-p1	0	1.101431541	0
cgd3_1300-RA-p1	0	1.101431541	1.597244411
cgd3_1320-RA-p1	1.368771266	0	0
cgd3_1330-RA-p1	0	1.101431541	0
cgd3_1340-RA-p1	0	0	1.597244411
cgd3_1350-RA-p1	0	1.101431541	0
cgd3_1360-RA-p1	2.737542532	0	4.791733233
cgd3_1370-RA-p1	4.106313798	0	0
cgd3_1380-RA-p1	1.368771266	0	1.597244411
cgd3_1390-RA-p1	1.368771266	0	0
cgd3_1400-RA-p1	1.368771266	1.101431541	0
cgd3_1410-RA-p1	2.737542532	6.608589247	3.194488822
cgd3_1420-RA-p1	0	1.101431541	0
cgd3_1430-RA-p1	0	0	0
cgd3_1440-RA-p1	0	0	0
cgd3_1450-RA-p1	2.737542532	0	0
cgd3_1460-RA-p1	1.368771266	3.304294624	0
cgd3_1470-RA-p1	2.737542532	1.101431541	0
cgd3_1510-RA-p1	1.368771266	0	0
cgd3_1530-RA-p1	0	0	0
cgd3_1540-RA-p1	0	1.101431541	3.194488822
cgd3_1550-RA-p1	5.475085064	8.81145233	1.597244411
cgd3_1570-RA-p1	2.737542532	3.304294624	0
cgd3_1580-RA-p1	0	1.101431541	0
cgd3_1590-RA-p1	0	0	4.791733233
cgd3_160-RA-p1	0	0	0
cgd3_1600-RA-p1	0	0	0
cgd3_1610-RA-p1	1.368771266	0	1.597244411
cgd3_1620-RA-p1	0	1.101431541	0
cgd3_1630-RA-p1	1.368771266	0	0
cgd3_1640-RA-p1	2.737542532	2.202863082	3.194488822
cgd3_1650-RA-p1	0	0	4.791733233
cgd3_1680-RA-p1	0	0	0
cgd3_1690-RA-p1	1.368771266	2.202863082	1.597244411
cgd3_1700-RA-p1	1.368771266	0	0
cgd3_1710-RA-p1	0	0	0
cgd3_1750-RA-p1	0	0	1.597244411
cgd3_1760-RA-p1	0	0	1.597244411
cgd3_1770-RA-p1	0	0	1.597244411
cgd3_1780-RA-p1	0	0	1.597244411
cgd3_1790-RA-p1	2.737542532	5.507157706	1.597244411
cgd3_180-RA-p1	0	0	1.597244411
cgd3_1800-RA-p1	0	1.101431541	0
cgd3_1810-RA-p1	0	0	1.597244411
cgd3_1820-RA-p1	1.368771266	1.101431541	0
cgd3_1830-RA-p1	2.737542532	1.101431541	0
cgd3_1840-RA-p1	0	0	0
cgd3_1850-RA-p1	2.737542532	8.81145233	7.986222054
cgd3_1860-RA-p1	0	0	1.597244411
cgd3_1870-RA-p1	0	0	0
cgd3_1880-RA-p1	0	0	0
cgd3_1890-RA-p1	1.368771266	3.304294624	0
cgd3_190-RA-p1	6.84385633	5.507157706	1.597244411
cgd3_1900-RA-p1	0	0	0
cgd3_1920-RA-p1	0	0	0
cgd3_1940-RA-p1	6.84385633	9.912883871	4.791733233
cgd3_1950-RA-p1	4.106313798	2.202863082	4.791733233
cgd3_1960-RA-p1	0	0	1.597244411
cgd3_1970-RA-p1	0	1.101431541	0
cgd3_1980-RA-p1	0	0	0
cgd3_1990-RA-p1	2.737542532	0	0
cgd3_200-RA-p1	2.737542532	0	0
cgd3_2000-RA-p1	0	0	0
cgd3_2030-RA-p1	0	1.101431541	0
cgd3_2040-RA-p1	0	0	1.597244411
cgd3_2060-RA-p1	0	1.101431541	0
cgd3_2070-RA-p1	0	0	0
cgd3_2080-RA-p1	0	1.101431541	0
cgd3_2090-RA-p1	8.212627596	9.912883871	7.986222054
cgd3_210-RA-p1	0	1.101431541	1.597244411
cgd3_2100-RA-p1	0	0	0
cgd3_2110-RA-p1	1.368771266	4.405726165	1.597244411
cgd3_2120-RA-p1	0	1.101431541	6.388977643
cgd3_2130-RA-p1	0	2.202863082	0
cgd3_2140-RA-p1	5.475085064	1.101431541	0
cgd3_2150-RA-p1	0	0	3.194488822
cgd3_2160-RA-p1	1.368771266	0	0
cgd3_2170-RA-p1	1.368771266	2.202863082	0
cgd3_2180-RA-p1	0	1.101431541	6.388977643
cgd3_2190-RA-p1	1.368771266	0	0
cgd3_220-RA-p1	2.737542532	1.101431541	0
cgd3_2200-RA-p1	1.368771266	0	0
cgd3_2210-RA-p1	0	0	0
cgd3_2230-RA-p1	1.368771266	1.101431541	1.597244411
cgd3_2240-RA-p1	0	1.101431541	0
cgd3_2250-RA-p1	20.53156899	15.42004158	20.76417734
cgd3_2260-RA-p1	2.737542532	4.405726165	0
cgd3_2270-RA-p1	0	0	0
cgd3_230-RA-p1	0	0	1.597244411
cgd3_2300-RA-p1	0	0	0
cgd3_2310-RA-p1	0	0	0
cgd3_2320-RA-p1	1.368771266	0	1.597244411
cgd3_2330-RA-p1	1.368771266	0	0
cgd3_2340-RA-p1	0	1.101431541	0
cgd3_2360-RA-p1	1.368771266	0	0
cgd3_2390-RA-p1	0	1.101431541	0
cgd3_2410-RA-p1	0	1.101431541	0
cgd3_2440-RA-p1	6.84385633	7.710020789	4.791733233
cgd3_2470-RA-p1	0	2.202863082	0
cgd3_2490-RA-p1	0	1.101431541	0
cgd3_250-RA-p1	1.368771266	0	0
cgd3_2510-RA-p1	0	0	0
cgd3_2520-RA-p1	0	0	0
cgd3_2530-RA-p1	1.368771266	1.101431541	0
cgd3_2540-RA-p1	1.368771266	1.101431541	0
cgd3_2550-RA-p1	0	2.202863082	4.791733233
cgd3_2560-RA-p1	1.368771266	0	1.597244411
cgd3_2570-RA-p1	0	0	0
cgd3_2580-RA-p1	2.737542532	0	0
cgd3_260-RA-p1	0	0	1.597244411
cgd3_2610-RA-p1	2.737542532	2.202863082	1.597244411
cgd3_2620-RA-p1	1.368771266	3.304294624	3.194488822
cgd3_2630-RA-p1	0	0	0
cgd3_2640-RA-p1	1.368771266	1.101431541	4.791733233
cgd3_2660-RA-p1	0	1.101431541	0
cgd3_2670-RA-p1	1.368771266	0	0
cgd3_2680-RA-p1	0	0	1.597244411
cgd3_2690-RA-p1	1.368771266	1.101431541	1.597244411
cgd3_270-RA-p1	0	0	0
cgd3_2710-RA-p1	4.106313798	6.608589247	6.388977643
cgd3_2730-RA-p1	1.368771266	0	1.597244411
cgd3_2740-RA-p1	1.368771266	1.101431541	0
cgd3_2750-RA-p1	1.368771266	3.304294624	0
cgd3_2770-RA-p1	0	0	0
cgd3_2790-RA-p1	0	0	0
cgd3_280-RA-p1	0	0	0
cgd3_2800-RA-p1	0	0	1.597244411
cgd3_2810-RA-p1	0	0	0
cgd3_2820-RA-p1	0	0	0
cgd3_2850-RA-p1	0	0	1.597244411
cgd3_2880-RA-p1	0	0	0
cgd3_2890-RA-p1	0	0	0
cgd3_2900-RA-p1	0	2.202863082	1.597244411
cgd3_2910-RA-p1	1.368771266	1.101431541	0
cgd3_2950-RA-p1	0	1.101431541	1.597244411
cgd3_2960-RA-p1	0	0	3.194488822
cgd3_2980-RA-p1	1.368771266	0	0
cgd3_300-RA-p1	0	0	1.597244411
cgd3_3000-RA-p1	0	0	1.597244411
cgd3_3010-RA-p1	0	0	1.597244411
cgd3_3020-RA-p1	0	1.101431541	0
cgd3_3040-RA-p1	0	0	0
cgd3_3050-RA-p1	6.84385633	1.101431541	6.388977643
cgd3_3060-RA-p1	1.368771266	1.101431541	0
cgd3_3080-RA-p1	0	0	0
cgd3_3090-RA-p1	0	2.202863082	0
cgd3_310-RA-p1	0	1.101431541	0
cgd3_3100-RA-p1	1.368771266	5.507157706	1.597244411
cgd3_3110-RA-p1	0	0	0
cgd3_3140-RA-p1	0	2.202863082	0
cgd3_3150-RA-p1	0	0	0
cgd3_3160-RA-p1	0	1.101431541	1.597244411
cgd3_3170-RA-p1	0	0	0
cgd3_3180-RA-p1	0	0	0
cgd3_3190-RA-p1	0	0	0
cgd3_320-RA-p1	0	0	1.597244411
cgd3_3200-RA-p1	0	1.101431541	0
cgd3_3210-RA-p1	0	1.101431541	0
cgd3_3220-RA-p1	0	2.202863082	0
cgd3_3270-RA-p1	0	0	0
cgd3_3280-RA-p1	1.368771266	1.101431541	3.194488822
cgd3_330-RA-p1	0	0	1.597244411
cgd3_3300-RA-p1	0	1.101431541	0
cgd3_3320-RA-p1	0	0	1.597244411
cgd3_3330-RA-p1	1.368771266	0	0
cgd3_3340-RA-p1	0	2.202863082	0
cgd3_335-RA-p1	0	0	0
cgd3_3350-RA-p1	0	0	0
cgd3_3370-RA-p1	0	1.101431541	12.77795529
cgd3_3380-RA-p1	2.737542532	0	0
cgd3_3390-RA-p1	0	1.101431541	0
cgd3_3400-RA-p1	0	0	3.194488822
cgd3_3410-RA-p1	0	0	0
cgd3_3440-RA-p1	0	0	1.597244411
cgd3_3450-RA-p1	2.737542532	1.101431541	1.597244411
cgd3_3470-RA-p1	0	0	0
cgd3_3480-RA-p1	0	0	1.597244411
cgd3_350-RA-p1	0	1.101431541	1.597244411
cgd3_3500-RA-p1	1.368771266	0	6.388977643
cgd3_3510-RA-p1	0	1.101431541	1.597244411
cgd3_3530-RA-p1	0	0	1.597244411
cgd3_3550-RA-p1	0	0	1.597244411
cgd3_3570-RA-p1	0	0	0
cgd3_3580-RA-p1	0	0	0
cgd3_3590-RA-p1	1.368771266	0	0
cgd3_360-RA-p1	0	0	0
cgd3_3600-RA-p1	0	0	1.597244411
cgd3_3610-RA-p1	0	2.202863082	0
cgd3_3620-RA-p1	0	0	1.597244411
cgd3_3640-RA-p1	0	0	0
cgd3_3690-RA-p1	1.368771266	0	4.791733233
cgd3_3710-RA-p1	4.106313798	1.101431541	0
cgd3_3720-RA-p1	1.368771266	1.101431541	0
cgd3_3730-RA-p1	0	0	1.597244411
cgd3_3750-RA-p1	0	2.202863082	0
cgd3_3760-RA-p1	0	0	0
cgd3_3770-RA-p1	0	0	3.194488822
cgd3_3810-RA-p1	0	0	0
cgd3_3820-RA-p1	0	0	1.597244411
cgd3_3830-RA-p1	0	0	0
cgd3_3840-RA-p1	1.368771266	3.304294624	0
cgd3_3850-RA-p1	4.106313798	4.405726165	4.791733233
cgd3_3860-RA-p1	0	0	0
cgd3_3870-RA-p1	0	0	0
cgd3_3880-RA-p1	0	0	0
cgd3_3890-RA-p1	1.368771266	2.202863082	0
cgd3_390-RA-p1	0	0	0
cgd3_3900-RA-p1	0	1.101431541	0
cgd3_3910-RA-p1	0	1.101431541	0
cgd3_3920-RA-p1	5.475085064	0	1.597244411
cgd3_3930-RA-p1	5.475085064	18.7243362	1.597244411
cgd3_3940-RA-p1	0	1.101431541	0
cgd3_3950-RA-p1	0	0	4.791733233
cgd3_3960-RA-p1	0	1.101431541	1.597244411
cgd3_3970-RA-p1	1.368771266	0	1.597244411
cgd3_3980-RA-p1	0	0	0
cgd3_3990-RA-p1	0	0	0
cgd3_4000-RA-p1	0	0	0
cgd3_4010-RA-p1	0	0	0
cgd3_4020-RA-p1	2.737542532	0	0
cgd3_4030-RA-p1	2.737542532	3.304294624	0
cgd3_4040-RA-p1	1.368771266	2.202863082	4.791733233
cgd3_4060-RA-p1	4.106313798	4.405726165	1.597244411
cgd3_4070-RA-p1	0	0	0
cgd3_4080-RA-p1	0	0	0
cgd3_4090-RA-p1	0	0	3.194488822
cgd3_410-RA-p1	0	0	3.194488822
cgd3_4100-RA-p1	0	1.101431541	1.597244411
cgd3_4120-RA-p1	2.737542532	2.202863082	0
cgd3_4130-RA-p1	1.368771266	0	0
cgd3_4140-RA-p1	0	0	3.194488822
cgd3_4150-RA-p1	4.106313798	2.202863082	6.388977643
cgd3_4160-RA-p1	1.368771266	1.101431541	0
cgd3_4170-RA-p1	1.368771266	0	0
cgd3_4190-RA-p1	1.368771266	3.304294624	4.791733233
cgd3_4200-RA-p1	0	0	0
cgd3_4210-RA-p1	0	0	0
cgd3_4220-RA-p1	0	1.101431541	0
cgd3_4230-RA-p1	0	2.202863082	0
cgd3_4240-RA-p1	0	1.101431541	0
cgd3_4250-RA-p1	1.368771266	1.101431541	0
cgd3_4270-RA-p1	0	0	0
cgd3_4280-RA-p1	0	0	1.597244411
cgd3_4290-RA-p1	2.737542532	0	3.194488822
cgd3_430-RA-p1	1.368771266	2.202863082	4.791733233
cgd3_4310-RA-p1	0	0	1.597244411
cgd3_4320-RA-p1	0	0	0
cgd3_4340-RA-p1	2.737542532	2.202863082	6.388977643
cgd3_450-RA-p1	0	1.101431541	0
cgd3_460-RA-p1	0	1.101431541	0
cgd3_470-RA-p1	4.106313798	2.202863082	3.194488822
cgd3_480-RA-p1	0	0	0
cgd3_490-RA-p1	8.212627596	6.608589247	0
cgd3_50-RA-p1	0	0	0
cgd3_500-RA-p1	4.106313798	0	1.597244411
cgd3_510-RA-p1	0	2.202863082	0
cgd3_520-RA-p1	0	0	1.597244411
cgd3_540-RA-p1	0	0	0
cgd3_550-RA-p1	1.368771266	1.101431541	0
cgd3_560-RA-p1	1.368771266	1.101431541	0
cgd3_570-RA-p1	0	0	1.597244411
cgd3_580-RA-p1	0	0	0
cgd3_590-RA-p1	0	1.101431541	0
cgd3_600-RA-p1	1.368771266	1.101431541	0
cgd3_610-RA-p1	0	0	0
cgd3_640-RA-p1	0	3.304294624	0
cgd3_650-RA-p1	0	0	0
cgd3_660-RA-p1	0	0	0
cgd3_670-RA-p1	0	0	0
cgd3_680-RA-p1	0	0	3.194488822
cgd3_690-RA-p1	4.106313798	0	0
cgd3_70-RA-p1	0	2.202863082	1.597244411
cgd3_710-RA-p1	0	3.304294624	6.388977643
cgd3_720-RA-p1	2.737542532	0	1.597244411
cgd3_730-RA-p1	1.368771266	4.405726165	1.597244411
cgd3_740-RA-p1	0	1.101431541	0
cgd3_750-RA-p1	2.737542532	2.202863082	1.597244411
cgd3_760-RA-p1	8.212627596	1.101431541	1.597244411
cgd3_780-RA-p1	1.368771266	2.202863082	0
cgd3_80-RA-p1	0	0	1.597244411
cgd3_800-RA-p1	0	1.101431541	3.194488822
cgd3_810-RA-p1	0	0	0
cgd3_820-RA-p1	0	0	0
cgd3_830-RA-p1	2.737542532	2.202863082	3.194488822
cgd3_840-RA-p1	0	0	0
cgd3_860-RA-p1	2.737542532	1.101431541	0
cgd3_880-RA-p1	4.106313798	0	0
cgd3_890-RA-p1	0	0	0
cgd3_90-RA-p1	0	1.101431541	1.597244411
cgd3_900-RA-p1	0	1.101431541	0
cgd3_910-RA-p1	0	1.101431541	0
cgd3_920-RA-p1	8.212627596	6.608589247	4.791733233
cgd3_930-RA-p1	0	1.101431541	1.597244411
cgd3_940-RA-p1	0	6.608589247	23.95866616
cgd3_960-RA-p1	0	0	0
cgd3_970-RA-p1	1.368771266	4.405726165	3.194488822
cgd3_980-RA-p1	2.737542532	1.101431541	0
cgd3_990-RA-p1	0	1.101431541	0
cgd4_10-RA-p1	0	3.304294624	0
cgd4_1020-RA-p1	0	2.202863082	0
cgd4_1030-RA-p1	0	0	0
cgd4_1040-RA-p1	0	0	1.597244411
cgd4_1070-RA-p1	0	0	4.791733233
cgd4_1080-RA-p1	0	0	1.597244411
cgd4_1100-RA-p1	0	3.304294624	11.18071088
cgd4_1110-RA-p1	1.368771266	0	3.194488822
cgd4_1120-RA-p1	1.368771266	0	0
cgd4_1130-RA-p1	0	0	1.597244411
cgd4_1170-RA-p1	0	0	1.597244411
cgd4_1200-RA-p1	0	2.202863082	1.597244411
cgd4_1210-RA-p1	0	0	1.597244411
cgd4_1230-RA-p1	2.737542532	8.81145233	3.194488822
cgd4_1240-RA-p1	0	0	3.194488822
cgd4_1250-RA-p1	0	1.101431541	1.597244411
cgd4_1260-RA-p1	1.368771266	1.101431541	0
cgd4_1310-RA-p1	1.368771266	2.202863082	1.597244411
cgd4_1320-RA-p1	1.368771266	0	0
cgd4_1330-RA-p1	0	0	1.597244411
cgd4_1350-RA-p1	0	2.202863082	3.194488822
cgd4_1360-RA-p1	0	0	1.597244411
cgd4_1370-RA-p1	2.737542532	1.101431541	0
cgd4_1380-RA-p1	0	1.101431541	0
cgd4_1390-RA-p1	4.106313798	0	0
cgd4_140-RA-p1	1.368771266	0	0
cgd4_1400-RA-p1	0	3.304294624	0
cgd4_1410-RA-p1	2.737542532	0	6.388977643
cgd4_1420-RA-p1	0	1.101431541	0
cgd4_1430-RA-p1	0	0	1.597244411
cgd4_1450-RA-p1	2.737542532	0	0
cgd4_1460-RA-p1	0	1.101431541	0
cgd4_1470-RA-p1	2.737542532	4.405726165	3.194488822
cgd4_1480-RA-p1	1.368771266	0	1.597244411
cgd4_1490-RA-p1	2.737542532	0	0
cgd4_150-RA-p1	0	1.101431541	0
cgd4_1510-RA-p1	0	0	0
cgd4_1530-RA-p1	0	0	1.597244411
cgd4_1540-RA-p1	0	1.101431541	3.194488822
cgd4_1550-RA-p1	0	0	0
cgd4_1560-RA-p1	0	0	0
cgd4_1580-RA-p1	1.368771266	0	1.597244411
cgd4_1590-RA-p1	0	0	1.597244411
cgd4_160-RA-p1	1.368771266	0	0
cgd4_1600-RA-p1	0	2.202863082	1.597244411
cgd4_1610-RA-p1	0	0	3.194488822
cgd4_1620-RA-p1	2.737542532	0	0
cgd4_1630-RA-p1	0	1.101431541	1.597244411
cgd4_1640-RA-p1	8.212627596	2.202863082	0
cgd4_1650-RA-p1	6.84385633	3.304294624	9.583466465
cgd4_1660-RA-p1	0	0	1.597244411
cgd4_1680-RA-p1	0	0	3.194488822
cgd4_1690-RA-p1	1.368771266	2.202863082	0
cgd4_1700-RA-p1	1.368771266	2.202863082	3.194488822
cgd4_1760-RA-p1	0	0	0
cgd4_1770-RA-p1	1.368771266	0	0
cgd4_1800-RA-p1	0	2.202863082	4.791733233
cgd4_1820-RA-p1	1.368771266	0	1.597244411
cgd4_1830-RA-p1	0	0	1.597244411
cgd4_1840-RA-p1	1.368771266	0	0
cgd4_1850-RA-p1	0	0	0
cgd4_1880-RA-p1	8.212627596	4.405726165	4.791733233
cgd4_1890-RA-p1	0	0	0
cgd4_190-RA-p1	0	0	0
cgd4_1910-RA-p1	17.79402646	29.73865161	36.73662145
cgd4_1920-RA-p1	0	0	0
cgd4_1930-RA-p1	0	0	0
cgd4_1940-RA-p1	16.42525519	17.62290466	6.388977643
cgd4_1950-RA-p1	1.368771266	0	0
cgd4_1960-RA-p1	0	0	1.597244411
cgd4_1970-RA-p1	0	0	1.597244411
cgd4_1990-RA-p1	0	1.101431541	0
cgd4_200-RA-p1	2.737542532	1.101431541	7.986222054
cgd4_2000-RA-p1	0	0	1.597244411
cgd4_2010-RA-p1	1.368771266	0	0
cgd4_2020-RA-p1	0	0	1.597244411
cgd4_2030-RA-p1	1.368771266	0	0
cgd4_2040-RA-p1	0	0	0
cgd4_2050-RA-p1	0	0	1.597244411
cgd4_2060-RA-p1	0	0	0
cgd4_2070-RA-p1	1.368771266	0	0
cgd4_2080-RA-p1	0	1.101431541	0
cgd4_2090-RA-p1	1.368771266	0	0
cgd4_2100-RA-p1	0	0	1.597244411
cgd4_2110-RA-p1	6.84385633	4.405726165	0
cgd4_2120-RA-p1	0	0	0
cgd4_2130-RA-p1	0	1.101431541	3.194488822
cgd4_2140-RA-p1	1.368771266	4.405726165	0
cgd4_2150-RA-p1	0	1.101431541	0
cgd4_2160-RA-p1	0	0	0
cgd4_2170-RA-p1	0	0	0
cgd4_2180-RA-p1	0	0	0
cgd4_220-RA-p1	0	0	1.597244411
cgd4_2200-RA-p1	0	0	0
cgd4_2220-RA-p1	1.368771266	1.101431541	0
cgd4_2230-RA-p1	0	0	1.597244411
cgd4_2240-RA-p1	0	0	3.194488822
cgd4_2250-RA-p1	0	1.101431541	0
cgd4_2260-RA-p1	5.475085064	4.405726165	4.791733233
cgd4_2270-RA-p1	2.737542532	0	0
cgd4_2290-RA-p1	0	0	1.597244411
cgd4_2300-RA-p1	0	1.101431541	0
cgd4_2360-RA-p1	0	1.101431541	1.597244411
cgd4_2370-RA-p1	0	5.507157706	1.597244411
cgd4_2380-RA-p1	2.737542532	1.101431541	0
cgd4_2390-RA-p1	1.368771266	1.101431541	0
cgd4_240-RA-p1	1.368771266	0	0
cgd4_2400-RA-p1	5.475085064	7.710020789	6.388977643
cgd4_2410-RA-p1	0	1.101431541	0
cgd4_2430-RA-p1	1.368771266	3.304294624	0
cgd4_2450-RA-p1	0	1.101431541	0
cgd4_2460-RA-p1	0	3.304294624	0
cgd4_2470-RA-p1	1.368771266	0	1.597244411
cgd4_2480-RA-p1	1.368771266	0	1.597244411
cgd4_250-RA-p1	0	1.101431541	0
cgd4_2510-RA-p1	0	0	1.597244411
cgd4_2520-RA-p1	1.368771266	0	1.597244411
cgd4_2540-RA-p1	0	3.304294624	3.194488822
cgd4_2550-RA-p1	0	0	0
cgd4_2560-RA-p1	0	0	3.194488822
cgd4_2570-RA-p1	0	1.101431541	0
cgd4_2575-RA-p1	0	1.101431541	1.597244411
cgd4_260-RA-p1	1.368771266	0	0
cgd4_2600-RA-p1	4.106313798	1.101431541	1.597244411
cgd4_2620-RA-p1	0	0	0
cgd4_2630-RA-p1	0	0	1.597244411
cgd4_2640-RA-p1	1.368771266	1.101431541	0
cgd4_2670-RA-p1	0	0	0
cgd4_2690-RA-p1	0	0	1.597244411
cgd4_270-RA-p1	0	0	0
cgd4_2700-RA-p1	0	0	0
cgd4_2710-RA-p1	0	0	3.194488822
cgd4_2720-RA-p1	12.31894139	18.7243362	22.36142175
cgd4_2730-RA-p1	5.475085064	0	1.597244411
cgd4_2740-RA-p1	0	0	0
cgd4_2750-RA-p1	0	1.101431541	0
cgd4_2770-RA-p1	21.90034026	8.81145233	9.583466465
cgd4_2790-RA-p1	0	0	0
cgd4_2800-RA-p1	0	0	0
cgd4_2810-RA-p1	0	0	1.597244411
cgd4_2820-RA-p1	1.368771266	0	0
cgd4_2830-RA-p1	0	1.101431541	0
cgd4_2840-RA-p1	0	0	0
cgd4_2850-RA-p1	0	2.202863082	1.597244411
cgd4_2860-RA-p1	13.68771266	4.405726165	11.18071088
cgd4_2870-RA-p1	1.368771266	0	1.597244411
cgd4_2880-RA-p1	0	0	0
cgd4_290-RA-p1	0	1.101431541	0
cgd4_2900-RA-p1	1.368771266	0	4.791733233
cgd4_2910-RA-p1	0	0	1.597244411
cgd4_2930-RA-p1	0	0	0
cgd4_2950-RA-p1	0	0	1.597244411
cgd4_2980-RA-p1	1.368771266	0	1.597244411
cgd4_2990-RA-p1	0	0	0
cgd4_30-RA-p1	0	0	1.597244411
cgd4_300-RA-p1	0	2.202863082	0
cgd4_3000-RA-p1	1.368771266	0	1.597244411
cgd4_3010-RA-p1	1.368771266	0	0
cgd4_3030-RA-p1	0	0	1.597244411
cgd4_3040-RA-p1	0	0	1.597244411
cgd4_3050-RA-p1	2.737542532	4.405726165	9.583466465
cgd4_3070-RA-p1	1.368771266	4.405726165	4.791733233
cgd4_3080-RA-p1	6.84385633	11.01431541	15.97244411
cgd4_3090-RA-p1	6.84385633	4.405726165	0
cgd4_310-RA-p1	1.368771266	0	0
cgd4_3100-RA-p1	1.368771266	2.202863082	0
cgd4_3110-RA-p1	0	1.101431541	0
cgd4_3130-RA-p1	5.475085064	5.507157706	4.791733233
cgd4_3140-RA-p1	1.368771266	1.101431541	0
cgd4_3150-RA-p1	1.368771266	1.101431541	0
cgd4_3160-RA-p1	8.212627596	4.405726165	11.18071088
cgd4_3180-RA-p1	0	2.202863082	1.597244411
cgd4_3190-RA-p1	0	0	1.597244411
cgd4_32-RA-p1	0	0	1.597244411
cgd4_320-RA-p1	1.368771266	1.101431541	0
cgd4_3210-RA-p1	0	1.101431541	0
cgd4_3220-RA-p1	2.737542532	11.01431541	6.388977643
cgd4_3230-RA-p1	0	0	1.597244411
cgd4_3250-RA-p1	0	0	0
cgd4_3260-RA-p1	1.368771266	4.405726165	0
cgd4_3270-RA-p1	5.475085064	2.202863082	0
cgd4_3280-RA-p1	0	2.202863082	3.194488822
cgd4_330-RA-p1	0	3.304294624	0
cgd4_3300-RA-p1	10.95017013	8.81145233	11.18071088
cgd4_3310-RA-p1	1.368771266	0	0
cgd4_3320-RA-p1	0	2.202863082	3.194488822
cgd4_3330-RA-p1	1.368771266	1.101431541	0
cgd4_3350-RA-p1	1.368771266	0	0
cgd4_3360-RA-p1	1.368771266	1.101431541	4.791733233
cgd4_3370-RA-p1	0	0	0
cgd4_3390-RA-p1	0	0	0
cgd4_3400-RA-p1	0	0	0
cgd4_3420-RA-p1	0	0	1.597244411
cgd4_3430-RA-p1	5.475085064	4.405726165	22.36142175
cgd4_3450-RA-p1	0	0	1.597244411
cgd4_3460-RA-p1	0	2.202863082	0
cgd4_3470-RA-p1	0	0	1.597244411
cgd4_3480-RA-p1	1.368771266	4.405726165	0
cgd4_3510-RA-p1	0	0	1.597244411
cgd4_3530-RA-p1	0	0	0
cgd4_3540-RA-p1	1.368771266	2.202863082	0
cgd4_3550-RA-p1	0	4.405726165	7.986222054
cgd4_3580-RA-p1	0	1.101431541	1.597244411
cgd4_3590-RA-p1	0	0	0
cgd4_360-RA-p1	0	0	0
cgd4_3600-RA-p1	0	0	0
cgd4_3610-RA-p1	1.368771266	0	0
cgd4_3620-RA-p1	26.00665405	27.53578853	15.97244411
cgd4_3630-RA-p1	0	0	7.986222054
cgd4_3640-RA-p1	0	1.101431541	0
cgd4_3670-RA-p1	2.737542532	0	0
cgd4_3690-RA-p1	0	2.202863082	1.597244411
cgd4_3700-RA-p1	0	1.101431541	1.597244411
cgd4_3710-RA-p1	1.368771266	0	4.791733233
cgd4_3720-RA-p1	1.368771266	0	0
cgd4_3730-RA-p1	0	0	0
cgd4_3750-RA-p1	1.368771266	3.304294624	3.194488822
cgd4_3760-RA-p1	0	1.101431541	0
cgd4_3770-RA-p1	1.368771266	0	0
cgd4_3780-RA-p1	0	1.101431541	0
cgd4_3790-RA-p1	0	0	0
cgd4_380-RA-p1	0	0	3.194488822
cgd4_3800-RA-p1	1.368771266	0	0
cgd4_3810-RA-p1	1.368771266	0	3.194488822
cgd4_3820-RA-p1	0	0	3.194488822
cgd4_3840-RA-p1	0	1.101431541	0
cgd4_3850-RA-p1	0	0	0
cgd4_3860-RA-p1	1.368771266	0	1.597244411
cgd4_3880-RA-p1	0	0	0
cgd4_3890-RA-p1	0	0	0
cgd4_390-RA-p1	1.368771266	0	0
cgd4_3900-RA-p1	1.368771266	0	0
cgd4_3910-RA-p1	1.368771266	0	1.597244411
cgd4_3930-RA-p1	1.368771266	1.101431541	1.597244411
cgd4_3950-RA-p1	0	0	1.597244411
cgd4_3960-RA-p1	0	0	0
cgd4_3970-RA-p1	0	3.304294624	0
cgd4_3980-RA-p1	1.368771266	0	0
cgd4_3990-RA-p1	0	1.101431541	0
cgd4_40-RA-p1	2.737542532	5.507157706	1.597244411
cgd4_4000-RA-p1	2.737542532	3.304294624	0
cgd4_4020-RA-p1	2.737542532	5.507157706	3.194488822
cgd4_4030-RA-p1	0	1.101431541	0
cgd4_4040-RA-p1	0	4.405726165	4.791733233
cgd4_4050-RA-p1	0	0	0
cgd4_4060-RA-p1	1.368771266	1.101431541	0
cgd4_4080-RA-p1	0	0	3.194488822
cgd4_410-RA-p1	0	0	1.597244411
cgd4_4100-RA-p1	0	0	0
cgd4_4110-RA-p1	4.106313798	1.101431541	0
cgd4_4120-RA-p1	0	1.101431541	4.791733233
cgd4_4140-RA-p1	0	1.101431541	0
cgd4_4150-RA-p1	0	1.101431541	0
cgd4_420-RA-p1	1.368771266	0	0
cgd4_4210-RA-p1	0	0	1.597244411
cgd4_4220-RA-p1	0	0	1.597244411
cgd4_4250-RA-p1	0	0	0
cgd4_4290-RA-p1	1.368771266	2.202863082	7.986222054
cgd4_4310-RA-p1	0	1.101431541	0
cgd4_4330-RA-p1	1.368771266	0	1.597244411
cgd4_4340-RA-p1	1.368771266	0	0
cgd4_4350-RA-p1	0	1.101431541	0
cgd4_4370-RA-p1	0	0	0
cgd4_4410-RA-p1	0	0	0
cgd4_4430-RA-p1	1.368771266	0	0
cgd4_4450-RA-p1	0	0	0
cgd4_4460-RA-p1	1.368771266	1.101431541	0
cgd4_4470-RA-p1	1.368771266	0	1.597244411
cgd4_4490-RA-p1	1.368771266	0	0
cgd4_450-RA-p1	0	1.101431541	0
cgd4_4500-RA-p1	1.368771266	0	0
cgd4_460-RA-p1	0	1.101431541	0
cgd4_470-RA-p1	5.475085064	4.405726165	6.388977643
cgd4_480-RA-p1	0	1.101431541	1.597244411
cgd4_490-RA-p1	0	1.101431541	3.194488822
cgd4_50-RA-p1	0	1.101431541	0
cgd4_500-RA-p1	4.106313798	1.101431541	1.597244411
cgd4_520-RA-p1	0	1.101431541	0
cgd4_530-RA-p1	1.368771266	1.101431541	0
cgd4_540-RA-p1	0	0	0
cgd4_550-RA-p1	0	1.101431541	0
cgd4_560-RA-p1	0	0	0
cgd4_580-RA-p1	0	0	0
cgd4_590-RA-p1	2.737542532	0	0
cgd4_620-RA-p1	0	1.101431541	0
cgd4_630-RA-p1	0	0	1.597244411
cgd4_650-RA-p1	0	0	3.194488822
cgd4_660-RA-p1	0	2.202863082	6.388977643
cgd4_670-RA-p1	0	0	1.597244411
cgd4_680-RA-p1	2.737542532	2.202863082	3.194488822
cgd4_690-RA-p1	1.368771266	3.304294624	0
cgd4_700-RA-p1	2.737542532	2.202863082	0
cgd4_710-RA-p1	1.368771266	3.304294624	0
cgd4_720-RA-p1	0	0	0
cgd4_740-RA-p1	5.475085064	0	0
cgd4_760-RA-p1	0	0	0
cgd4_780-RA-p1	0	1.101431541	4.791733233
cgd4_80-RA-p1	0	0	3.194488822
cgd4_800-RA-p1	0	0	0
cgd4_810-RA-p1	0	1.101431541	0
cgd4_830-RA-p1	0	0	1.597244411
cgd4_840-RA-p1	0	1.101431541	3.194488822
cgd4_850-RA-p1	1.368771266	0	6.388977643
cgd4_860-RA-p1	0	0	0
cgd4_870-RA-p1	0	0	0
cgd4_90-RA-p1	0	0	0
cgd4_930-RA-p1	0	0	0
cgd4_940-RA-p1	0	0	1.597244411
cgd4_950-RA-p1	0	0	1.597244411
cgd4_970-RA-p1	0	0	0
cgd4_980-RA-p1	1.368771266	1.101431541	0
cgd5_10-RA-p1	8.212627596	3.304294624	15.97244411
cgd5_1000-RA-p1	0	0	0
cgd5_1010-RA-p1	0	2.202863082	4.791733233
cgd5_1030-RA-p1	2.737542532	0	4.791733233
cgd5_1080-RA-p1	0	0	0
cgd5_1090-RA-p1	0	1.101431541	0
cgd5_1120-RA-p1	0	0	0
cgd5_1150-RA-p1	0	0	0
cgd5_1160-RA-p1	0	0	0
cgd5_1170-RA-p1	0	0	0
cgd5_120-RA-p1	0	0	0
cgd5_1200-RA-p1	0	0	0
cgd5_1210-RA-p1	6.84385633	3.304294624	0
cgd5_1230-RA-p1	0	0	0
cgd5_1240-RA-p1	0	0	1.597244411
cgd5_1260-RA-p1	0	0	0
cgd5_1270-RA-p1	0	1.101431541	0
cgd5_130-RA-p1	1.368771266	0	1.597244411
cgd5_1300-RA-p1	0	0	0
cgd5_1330-RA-p1	0	1.101431541	1.597244411
cgd5_1340-RA-p1	0	0	3.194488822
cgd5_1370-RA-p1	13.68771266	13.21717849	14.3751997
cgd5_1380-RA-p1	0	1.101431541	0
cgd5_1390-RA-p1	1.368771266	0	0
cgd5_140-RA-p1	0	1.101431541	3.194488822
cgd5_1400-RA-p1	0	0	1.597244411
cgd5_1410-RA-p1	0	0	1.597244411
cgd5_1420-RA-p1	0	0	1.597244411
cgd5_1440-RA-p1	0	0	3.194488822
cgd5_1450-RA-p1	1.368771266	1.101431541	3.194488822
cgd5_1470-RA-p1	20.53156899	19.82576774	41.52835468
cgd5_1480-RA-p1	0	0	0
cgd5_1490-RA-p1	0	0	4.791733233
cgd5_150-RA-p1	4.106313798	1.101431541	1.597244411
cgd5_1510-RA-p1	28.74419659	17.62290466	28.7503994
cgd5_1520-RA-p1	0	0	0
cgd5_1530-RA-p1	1.368771266	0	0
cgd5_1540-RA-p1	1.368771266	0	0
cgd5_1560-RA-p1	0	1.101431541	3.194488822
cgd5_1570-RA-p1	0	0	0
cgd5_1580-RA-p1	9.581398862	13.21717849	27.15315498
cgd5_160-RA-p1	0	0	0
cgd5_1600-RA-p1	0	0	0
cgd5_1620-RA-p1	1.368771266	1.101431541	0
cgd5_1630-RA-p1	0	0	0
cgd5_1640-RA-p1	0	0	0
cgd5_1650-RA-p1	2.737542532	2.202863082	0
cgd5_1670-RA-p1	6.84385633	3.304294624	3.194488822
cgd5_1690-RA-p1	0	0	0
cgd5_170-RA-p1	1.368771266	1.101431541	0
cgd5_1700-RA-p1	0	0	0
cgd5_1710-RA-p1	2.737542532	2.202863082	4.791733233
cgd5_1730-RA-p1	0	2.202863082	3.194488822
cgd5_1740-RA-p1	0	2.202863082	0
cgd5_1750-RA-p1	2.737542532	13.21717849	3.194488822
cgd5_1760-RA-p1	1.368771266	1.101431541	1.597244411
cgd5_1780-RA-p1	0	0	1.597244411
cgd5_180-RA-p1	4.106313798	0	0
cgd5_1800-RA-p1	0	0	3.194488822
cgd5_1810-RA-p1	1.368771266	0	0
cgd5_1820-RA-p1	0	0	0
cgd5_1830-RA-p1	0	0	0
cgd5_1840-RA-p1	0	0	1.597244411
cgd5_1850-RA-p1	0	0	0
cgd5_1870-RA-p1	0	0	0
cgd5_1880-RA-p1	1.368771266	0	1.597244411
cgd5_1890-RA-p1	0	0	0
cgd5_1900-RA-p1	1.368771266	0	1.597244411
cgd5_1940-RA-p1	2.737542532	3.304294624	9.583466465
cgd5_1950-RA-p1	1.368771266	0	0
cgd5_1960-RA-p1	4.106313798	2.202863082	0
cgd5_1970-RA-p1	2.737542532	0	0
cgd5_1980-RA-p1	0	0	0
cgd5_1990-RA-p1	0	1.101431541	1.597244411
cgd5_20-RA-p1	0	0	0
cgd5_200-RA-p1	1.368771266	0	0
cgd5_2000-RA-p1	0	0	0
cgd5_2010-RA-p1	0	1.101431541	0
cgd5_2040-RA-p1	1.368771266	1.101431541	0
cgd5_2050-RA-p1	2.737542532	0	1.597244411
cgd5_2060-RA-p1	5.475085064	14.31861004	11.18071088
cgd5_2070-RA-p1	1.368771266	1.101431541	0
cgd5_2080-RA-p1	1.368771266	2.202863082	11.18071088
cgd5_210-RA-p1	1.368771266	0	0
cgd5_2120-RA-p1	0	0	1.597244411
cgd5_2130-RA-p1	1.368771266	0	0
cgd5_2140-RA-p1	0	0	1.597244411
cgd5_2160-RA-p1	1.368771266	3.304294624	1.597244411
cgd5_2170-RA-p1	0	0	0
cgd5_2180-RA-p1	0	2.202863082	1.597244411
cgd5_2190-RA-p1	0	0	0
cgd5_220-RA-p1	0	1.101431541	0
cgd5_2200-RA-p1	1.368771266	0	0
cgd5_2210-RA-p1	6.84385633	18.7243362	1.597244411
cgd5_2230-RA-p1	1.368771266	0	1.597244411
cgd5_2250-RA-p1	1.368771266	0	11.18071088
cgd5_2260-RA-p1	17.79402646	26.43435699	35.13937704
cgd5_2300-RA-p1	0	0	1.597244411
cgd5_2310-RA-p1	2.737542532	1.101431541	1.597244411
cgd5_2320-RA-p1	0	0	0
cgd5_2330-RA-p1	0	0	0
cgd5_2340-RA-p1	0	2.202863082	3.194488822
cgd5_2350-RA-p1	0	2.202863082	0
cgd5_2360-RA-p1	2.737542532	1.101431541	0
cgd5_2370-RA-p1	8.212627596	20.92719928	25.55591057
cgd5_2380-RA-p1	0	0	1.597244411
cgd5_2390-RA-p1	0	0	0
cgd5_240-RA-p1	0	1.101431541	0
cgd5_2410-RA-p1	0	2.202863082	0
cgd5_2420-RA-p1	0	0	1.597244411
cgd5_2430-RA-p1	0	1.101431541	0
cgd5_2440-RA-p1	0	0	0
cgd5_2450-RA-p1	0	1.101431541	0
cgd5_2460-RA-p1	0	2.202863082	3.194488822
cgd5_2480-RA-p1	0	0	0
cgd5_2490-RA-p1	1.368771266	0	0
cgd5_250-RA-p1	1.368771266	0	0
cgd5_2500-RA-p1	0	1.101431541	0
cgd5_2520-RA-p1	0	0	0
cgd5_2530-RA-p1	1.368771266	0	0
cgd5_2540-RA-p1	0	0	0
cgd5_2560-RA-p1	0	1.101431541	0
cgd5_2570-RA-p1	0	0	0
cgd5_2600-RA-p1	1.368771266	2.202863082	1.597244411
cgd5_2620-RA-p1	1.368771266	1.101431541	0
cgd5_2670-RA-p1	6.84385633	1.101431541	1.597244411
cgd5_2690-RA-p1	1.368771266	0	0
cgd5_2710-RA-p1	1.368771266	0	0
cgd5_2720-RA-p1	0	1.101431541	3.194488822
cgd5_2730-RA-p1	0	2.202863082	0
cgd5_2740-RA-p1	0	2.202863082	0
cgd5_2750-RA-p1	1.368771266	0	1.597244411
cgd5_2760-RA-p1	0	0	0
cgd5_2780-RA-p1	8.212627596	9.912883871	1.597244411
cgd5_2790-RA-p1	1.368771266	0	1.597244411
cgd5_2810-RA-p1	0	1.101431541	1.597244411
cgd5_2820-RA-p1	0	0	0
cgd5_2830-RA-p1	0	0	1.597244411
cgd5_2840-RA-p1	0	5.507157706	0
cgd5_2850-RA-p1	0	1.101431541	0
cgd5_2860-RA-p1	0	0	4.791733233
cgd5_2870-RA-p1	4.106313798	0	0
cgd5_2890-RA-p1	0	0	0
cgd5_2900-RA-p1	1.368771266	0	0
cgd5_2930-RA-p1	0	0	0
cgd5_2950-RA-p1	1.368771266	3.304294624	0
cgd5_2980-RA-p1	0	0	3.194488822
cgd5_2990-RA-p1	1.368771266	0	0
cgd5_3000-RA-p1	0	0	0
cgd5_3010-RA-p1	0	0	1.597244411
cgd5_3020-RA-p1	0	0	0
cgd5_3030-RA-p1	0	3.304294624	0
cgd5_3040-RA-p1	4.106313798	6.608589247	6.388977643
cgd5_3050-RA-p1	1.368771266	0	0
cgd5_3070-RA-p1	0	0	0
cgd5_3080-RA-p1	1.368771266	4.405726165	0
cgd5_3110-RA-p1	0	0	1.597244411
cgd5_3130-RA-p1	0	3.304294624	6.388977643
cgd5_3140-RA-p1	2.737542532	3.304294624	3.194488822
cgd5_3160-RA-p1	6.84385633	2.202863082	0
cgd5_3170-RA-p1	1.368771266	12.11574695	14.3751997
cgd5_3190-RA-p1	2.737542532	0	0
cgd5_320-RA-p1	0	2.202863082	0
cgd5_3200-RA-p1	0	1.101431541	0
cgd5_3210-RA-p1	0	0	3.194488822
cgd5_3220-RA-p1	1.368771266	0	0
cgd5_3230-RA-p1	2.737542532	2.202863082	0
cgd5_3240-RA-p1	0	1.101431541	0
cgd5_3280-RA-p1	1.368771266	0	1.597244411
cgd5_3290-RA-p1	0	2.202863082	0
cgd5_3300-RA-p1	0	2.202863082	1.597244411
cgd5_3320-RA-p1	0	0	3.194488822
cgd5_3340-RA-p1	0	1.101431541	0
cgd5_3350-RA-p1	0	1.101431541	0
cgd5_3360-RA-p1	1.368771266	0	0
cgd5_3370-RA-p1	1.368771266	0	0
cgd5_3380-RA-p1	1.368771266	0	0
cgd5_3390-RA-p1	0	1.101431541	1.597244411
cgd5_3410-RA-p1	0	1.101431541	0
cgd5_3420-RA-p1	0	2.202863082	0
cgd5_3450-RA-p1	2.737542532	2.202863082	0
cgd5_3480-RA-p1	1.368771266	0	0
cgd5_3490-RA-p1	5.475085064	2.202863082	1.597244411
cgd5_350-RA-p1	0	1.101431541	3.194488822
cgd5_3500-RA-p1	0	0	1.597244411
cgd5_3520-RA-p1	0	0	0
cgd5_3540-RA-p1	0	1.101431541	0
cgd5_3560-RA-p1	0	2.202863082	0
cgd5_3570-RA-p1	1.368771266	0	0
cgd5_3580-RA-p1	0	0	0
cgd5_3590-RA-p1	4.106313798	0	1.597244411
cgd5_360-RA-p1	2.737542532	0	0
cgd5_3620-RA-p1	0	0	6.388977643
cgd5_3640-RA-p1	0	0	0
cgd5_3650-RA-p1	0	2.202863082	3.194488822
cgd5_3690-RA-p1	1.368771266	0	0
cgd5_370-RA-p1	2.737542532	3.304294624	4.791733233
cgd5_3700-RA-p1	0	1.101431541	1.597244411
cgd5_3710-RA-p1	0	0	1.597244411
cgd5_3720-RA-p1	4.106313798	5.507157706	3.194488822
cgd5_3730-RA-p1	0	0	1.597244411
cgd5_3740-RA-p1	10.95017013	9.912883871	12.77795529
cgd5_3770-RA-p1	0	1.101431541	1.597244411
cgd5_3790-RA-p1	0	0	0
cgd5_380-RA-p1	1.368771266	0	0
cgd5_3820-RA-p1	0	0	0
cgd5_3830-RA-p1	0	0	0
cgd5_3840-RA-p1	0	0	0
cgd5_3880-RA-p1	0	1.101431541	0
cgd5_3890-RA-p1	1.368771266	0	0
cgd5_390-RA-p1	0	2.202863082	9.583466465
cgd5_3920-RA-p1	5.475085064	5.507157706	3.194488822
cgd5_3930-RA-p1	4.106313798	2.202863082	0
cgd5_3940-RA-p1	0	0	1.597244411
cgd5_3950-RA-p1	1.368771266	0	0
cgd5_3970-RA-p1	1.368771266	1.101431541	0
cgd5_3990-RA-p1	0	0	0
cgd5_40-RA-p1	0	0	3.194488822
cgd5_400-RA-p1	0	1.101431541	1.597244411
cgd5_4000-RA-p1	0	0	0
cgd5_4020-RA-p1	0	0	0
cgd5_4050-RA-p1	0	0	0
cgd5_4060-RA-p1	1.368771266	1.101431541	0
cgd5_4080-RA-p1	2.737542532	3.304294624	3.194488822
cgd5_4090-RA-p1	0	0	3.194488822
cgd5_410-RA-p1	0	2.202863082	0
cgd5_4100-RA-p1	1.368771266	1.101431541	1.597244411
cgd5_4120-RA-p1	0	0	0
cgd5_4140-RA-p1	1.368771266	0	0
cgd5_4150-RA-p1	1.368771266	1.101431541	3.194488822
cgd5_4170-RA-p1	0	0	0
cgd5_420-RA-p1	0	1.101431541	3.194488822
cgd5_4210-RA-p1	0	0	0
cgd5_4220-RA-p1	0	0	1.597244411
cgd5_4230-RA-p1	0	2.202863082	0
cgd5_4240-RA-p1	0	0	0
cgd5_4250-RA-p1	0	2.202863082	0
cgd5_4260-RA-p1	0	1.101431541	0
cgd5_4270-RA-p1	0	1.101431541	0
cgd5_4280-RA-p1	0	0	1.597244411
cgd5_4290-RA-p1	1.368771266	0	0
cgd5_4330-RA-p1	4.106313798	0	1.597244411
cgd5_4350-RA-p1	0	0	0
cgd5_4360-RA-p1	0	0	0
cgd5_4370-RA-p1	0	0	1.597244411
cgd5_4380-RA-p1	8.212627596	15.42004158	15.97244411
cgd5_4390-RA-p1	0	0	3.194488822
cgd5_440-RA-p1	1.368771266	2.202863082	0
cgd5_4400-RA-p1	2.737542532	1.101431541	1.597244411
cgd5_4420-RA-p1	0	0	0
cgd5_4480-RA-p1	0	3.304294624	1.597244411
cgd5_450-RA-p1	0	1.101431541	4.791733233
cgd5_4500-RA-p1	0	0	0
cgd5_4520-RA-p1	0	0	1.597244411
cgd5_4530-RA-p1	0	0	1.597244411
cgd5_4540-RA-p1	1.368771266	1.101431541	0
cgd5_4560-RA-p1	0	0	4.791733233
cgd5_4570-RA-p1	0	0	9.583466465
cgd5_4580-RA-p1	2.737542532	0	7.986222054
cgd5_4590-RA-p1	2.737542532	0	0
cgd5_4600-RA-p1	0	0	3.194488822
cgd5_4610-RA-p1	0	0	0
cgd5_470-RA-p1	0	0	0
cgd5_480-RA-p1	0	1.101431541	0
cgd5_490-RA-p1	0	1.101431541	0
cgd5_510-RA-p1	0	1.101431541	0
cgd5_530-RA-p1	1.368771266	0	0
cgd5_540-RA-p1	0	0	0
cgd5_550-RA-p1	0	0	0
cgd5_560-RA-p1	0	2.202863082	1.597244411
cgd5_580-RA-p1	1.368771266	0	0
cgd5_590-RA-p1	1.368771266	0	0
cgd5_60-RA-p1	0	0	0
cgd5_630-RA-p1	0	2.202863082	1.597244411
cgd5_640-RA-p1	1.368771266	0	1.597244411
cgd5_650-RA-p1	0	0	1.597244411
cgd5_670-RA-p1	0	0	3.194488822
cgd5_680-RA-p1	0	3.304294624	0
cgd5_690-RA-p1	1.368771266	1.101431541	0
cgd5_70-RA-p1	0	0	0
cgd5_710-RA-p1	4.106313798	0	0
cgd5_730-RA-p1	0	1.101431541	0
cgd5_750-RA-p1	1.368771266	1.101431541	1.597244411
cgd5_800-RA-p1	1.368771266	0	0
cgd5_810-RA-p1	2.737542532	1.101431541	4.791733233
cgd5_820-RA-p1	1.368771266	0	0
cgd5_830-RA-p1	0	1.101431541	0
cgd5_850-RA-p1	1.368771266	0	0
cgd5_90-RA-p1	0	0	6.388977643
cgd5_900-RA-p1	0	1.101431541	0
cgd5_920-RA-p1	2.737542532	0	0
cgd5_930-RA-p1	0	1.101431541	0
cgd5_940-RA-p1	75.28241963	84.81022867	43.12559909
cgd5_950-RA-p1	0	0	1.597244411
cgd5_960-RA-p1	0	0	0
cgd5_970-RA-p1	5.475085064	6.608589247	7.986222054
cgd5_990-RA-p1	0	0	0
cgd6_10-RA-p1	0	1.101431541	0
cgd6_100-RA-p1	0	2.202863082	0
cgd6_1000-RA-p1	0	0	0
cgd6_1010-RA-p1	0	1.101431541	0
cgd6_1020-RA-p1	0	0	0
cgd6_1030-RA-p1	2.737542532	0	1.597244411
cgd6_1040-RA-p1	0	1.101431541	0
cgd6_1050-RA-p1	0	0	1.597244411
cgd6_1060-RA-p1	0	2.202863082	11.18071088
cgd6_1070-RA-p1	0	2.202863082	0
cgd6_1080-RA-p1	9.581398862	39.65153548	6.388977643
cgd6_1090-RA-p1	0	0	1.597244411
cgd6_110-RA-p1	2.737542532	0	0
cgd6_1100-RA-p1	5.475085064	1.101431541	1.597244411
cgd6_1120-RA-p1	0	0	0
cgd6_1130-RA-p1	0	0	0
cgd6_1150-RA-p1	0	0	0
cgd6_1160-RA-p1	0	0	1.597244411
cgd6_1180-RA-p1	0	0	0
cgd6_1190-RA-p1	0	0	1.597244411
cgd6_120-RA-p1	10.95017013	8.81145233	6.388977643
cgd6_1200-RA-p1	4.106313798	1.101431541	0
cgd6_1210-RA-p1	0	3.304294624	0
cgd6_1230-RA-p1	0	2.202863082	1.597244411
cgd6_1270-RA-p1	0	0	0
cgd6_1280-RA-p1	0	1.101431541	0
cgd6_1310-RA-p1	2.737542532	1.101431541	4.791733233
cgd6_1320-RA-p1	0	0	0
cgd6_1330-RA-p1	2.737542532	0	0
cgd6_1340-RA-p1	4.106313798	4.405726165	4.791733233
cgd6_1350-RA-p1	0	1.101431541	0
cgd6_1360-RA-p1	0	0	3.194488822
cgd6_1380-RA-p1	0	0	0
cgd6_1390-RA-p1	9.581398862	5.507157706	14.3751997
cgd6_140-RA-p1	0	0	1.597244411
cgd6_1410-RA-p1	0	0	3.194488822
cgd6_1420-RA-p1	0	0	0
cgd6_1430-RA-p1	1.368771266	0	1.597244411
cgd6_1440-RA-p1	0	0	1.597244411
cgd6_1450-RA-p1	0	0	1.597244411
cgd6_1460-RA-p1	1.368771266	0	0
cgd6_1470-RA-p1	0	0	0
cgd6_1490-RA-p1	0	0	0
cgd6_1500-RA-p1	2.737542532	0	0
cgd6_1510-RA-p1	0	0	0
cgd6_1520-RA-p1	0	0	1.597244411
cgd6_1530-RA-p1	1.368771266	0	0
cgd6_1540-RA-p1	0	0	3.194488822
cgd6_1550-RA-p1	1.368771266	0	0
cgd6_1570-RA-p1	1.368771266	2.202863082	1.597244411
cgd6_1580-RA-p1	0	1.101431541	1.597244411
cgd6_1590-RA-p1	1.368771266	1.101431541	3.194488822
cgd6_1620-RA-p1	0	0	0
cgd6_1630-RA-p1	12.31894139	12.11574695	7.986222054
cgd6_1650-RA-p1	0	0	1.597244411
cgd6_1660-RA-p1	1.368771266	0	3.194488822
cgd6_1690-RA-p1	0	0	3.194488822
cgd6_1700-RA-p1	0	1.101431541	0
cgd6_1710-RA-p1	0	4.405726165	1.597244411
cgd6_1720-RA-p1	0	1.101431541	0
cgd6_1730-RA-p1	1.368771266	0	0
cgd6_1740-RA-p1	0	1.101431541	0
cgd6_1750-RA-p1	0	0	0
cgd6_1770-RA-p1	0	0	0
cgd6_1780-RA-p1	0	0	0
cgd6_180-RA-p1	0	0	3.194488822
cgd6_1810-RA-p1	5.475085064	0	1.597244411
cgd6_1820-RA-p1	1.368771266	0	0
cgd6_1830-RA-p1	0	2.202863082	0
cgd6_1840-RA-p1	0	0	0
cgd6_1880-RA-p1	1.368771266	0	1.597244411
cgd6_1890-RA-p1	1.368771266	0	0
cgd6_190-RA-p1	0	3.304294624	0
cgd6_1900-RA-p1	1.368771266	3.304294624	0
cgd6_1910-RA-p1	0	0	0
cgd6_1930-RA-p1	0	0	1.597244411
cgd6_1950-RA-p1	4.106313798	1.101431541	0
cgd6_1960-RA-p1	0	0	0
cgd6_1980-RA-p1	0	0	0
cgd6_1990-RA-p1	0	0	1.597244411
cgd6_20-RA-p1	0	1.101431541	0
cgd6_200-RA-p1	39.69436672	73.79591326	33.54213263
cgd6_2000-RA-p1	0	0	1.597244411
cgd6_2030-RA-p1	8.212627596	7.710020789	1.597244411
cgd6_2040-RA-p1	0	0	0
cgd6_2060-RA-p1	2.737542532	1.101431541	4.791733233
cgd6_2080-RA-p1	0	1.101431541	0
cgd6_2090-RA-p1	9.581398862	12.11574695	17.56968852
cgd6_2100-RA-p1	0	1.101431541	0
cgd6_2120-RA-p1	2.737542532	0	0
cgd6_2140-RA-p1	1.368771266	0	0
cgd6_2145-RA-p1	0	0	0
cgd6_2150-RA-p1	0	0	0
cgd6_2160-RA-p1	0	1.101431541	0
cgd6_2170-RA-p1	5.475085064	6.608589247	12.77795529
cgd6_2180-RA-p1	2.737542532	9.912883871	3.194488822
cgd6_2200-RA-p1	0	0	0
cgd6_2210-RA-p1	0	2.202863082	1.597244411
cgd6_2220-RA-p1	0	2.202863082	0
cgd6_2230-RA-p1	0	1.101431541	0
cgd6_2240-RA-p1	0	0	0
cgd6_2260-RA-p1	0	0	0
cgd6_2270-RA-p1	0	1.101431541	1.597244411
cgd6_2280-RA-p1	1.368771266	0	0
cgd6_230-RA-p1	1.368771266	0	0
cgd6_2300-RA-p1	2.737542532	0	0
cgd6_2310-RA-p1	1.368771266	0	1.597244411
cgd6_2320-RA-p1	0	0	0
cgd6_2330-RA-p1	20.53156899	34.14437778	30.34764381
cgd6_2340-RA-p1	0	0	0
cgd6_2350-RA-p1	0	0	0
cgd6_2380-RA-p1	0	3.304294624	1.597244411
cgd6_2390-RA-p1	0	0	0
cgd6_240-RA-p1	0	0	0
cgd6_2420-RA-p1	0	0	3.194488822
cgd6_2430-RA-p1	1.368771266	4.405726165	4.791733233
cgd6_2450-RA-p1	23.26911152	31.9415147	14.3751997
cgd6_2460-RA-p1	12.31894139	22.02863082	12.77795529
cgd6_2470-RA-p1	1.368771266	0	0
cgd6_2480-RA-p1	0	0	0
cgd6_250-RA-p1	0	0	0
cgd6_2500-RA-p1	0	0	1.597244411
cgd6_2560-RA-p1	2.737542532	1.101431541	3.194488822
cgd6_2570-RA-p1	1.368771266	6.608589247	4.791733233
cgd6_2580-RA-p1	1.368771266	1.101431541	0
cgd6_260-RA-p1	1.368771266	0	1.597244411
cgd6_2600-RA-p1	0	1.101431541	0
cgd6_2620-RA-p1	0	1.101431541	3.194488822
cgd6_2640-RA-p1	0	0	0
cgd6_2650-RA-p1	0	1.101431541	0
cgd6_2660-RA-p1	2.737542532	0	0
cgd6_2670-RA-p1	1.368771266	1.101431541	0
cgd6_2680-RA-p1	0	1.101431541	0
cgd6_2690-RA-p1	1.368771266	2.202863082	0
cgd6_270-RA-p1	1.368771266	2.202863082	0
cgd6_2700-RA-p1	1.368771266	2.202863082	1.597244411
cgd6_2710-RA-p1	1.368771266	0	1.597244411
cgd6_2720-RA-p1	1.368771266	1.101431541	1.597244411
cgd6_2770-RA-p1	4.106313798	3.304294624	0
cgd6_2780-RA-p1	0	0	0
cgd6_2790-RA-p1	0	1.101431541	0
cgd6_280-RA-p1	0	2.202863082	0
cgd6_2800-RA-p1	0	0	0
cgd6_2820-RA-p1	0	0	0
cgd6_2840-RA-p1	0	1.101431541	0
cgd6_2860-RA-p1	1.368771266	4.405726165	1.597244411
cgd6_2880-RA-p1	0	0	0
cgd6_2900-RA-p1	1.368771266	5.507157706	3.194488822
cgd6_2930-RA-p1	0	0	1.597244411
cgd6_2960-RA-p1	4.106313798	0	0
cgd6_2970-RA-p1	4.106313798	0	0
cgd6_2980-RA-p1	1.368771266	0	0
cgd6_30-RA-p1	0	2.202863082	0
cgd6_3010-RA-p1	10.95017013	8.81145233	3.194488822
cgd6_3020-RA-p1	0	1.101431541	1.597244411
cgd6_3050-RA-p1	0	2.202863082	0
cgd6_3060-RA-p1	0	0	3.194488822
cgd6_3070-RA-p1	1.368771266	0	0
cgd6_3080-RA-p1	0	0	1.597244411
cgd6_3090-RA-p1	0	1.101431541	0
cgd6_3110-RA-p1	0	0	0
cgd6_3120-RA-p1	0	1.101431541	0
cgd6_3130-RA-p1	0	0	1.597244411
cgd6_3140-RA-p1	0	1.101431541	1.597244411
cgd6_3160-RA-p1	9.581398862	5.507157706	4.791733233
cgd6_3190-RA-p1	1.368771266	6.608589247	11.18071088
cgd6_320-RA-p1	0	0	0
cgd6_3200-RA-p1	0	0	1.597244411
cgd6_3220-RA-p1	2.737542532	0	0
cgd6_3230-RA-p1	0	1.101431541	0
cgd6_3240-RA-p1	0	0	0
cgd6_3250-RA-p1	0	1.101431541	0
cgd6_3280-RA-p1	0	0	3.194488822
cgd6_3290-RA-p1	0	1.101431541	1.597244411
cgd6_3310-RA-p1	0	0	0
cgd6_3320-RA-p1	0	0	0
cgd6_3330-RA-p1	0	1.101431541	0
cgd6_3340-RA-p1	5.475085064	14.31861004	22.36142175
cgd6_3370-RA-p1	2.737542532	0	0
cgd6_3400-RA-p1	4.106313798	2.202863082	1.597244411
cgd6_3410-RA-p1	0	0	0
cgd6_3420-RA-p1	4.106313798	1.101431541	1.597244411
cgd6_3440-RA-p1	1.368771266	0	0
cgd6_3450-RA-p1	0	1.101431541	1.597244411
cgd6_3460-RA-p1	0	9.912883871	7.986222054
cgd6_3470-RA-p1	0	1.101431541	1.597244411
cgd6_350-RA-p1	1.368771266	0	0
cgd6_3510-RA-p1	1.368771266	3.304294624	0
cgd6_3520-RA-p1	0	1.101431541	0
cgd6_3530-RA-p1	0	0	1.597244411
cgd6_3560-RA-p1	1.368771266	0	0
cgd6_3570-RA-p1	0	0	0
cgd6_3580-RA-p1	1.368771266	0	0
cgd6_3590-RA-p1	0	0	1.597244411
cgd6_3600-RA-p1	0	0	0
cgd6_3620-RA-p1	0	0	0
cgd6_3630-RA-p1	0	0	1.597244411
cgd6_3640-RA-p1	1.368771266	2.202863082	1.597244411
cgd6_3650-RA-p1	15.05648393	6.608589247	6.388977643
cgd6_3690-RA-p1	1.368771266	0	0
cgd6_3710-RA-p1	6.84385633	3.304294624	1.597244411
cgd6_3720-RA-p1	4.106313798	12.11574695	3.194488822
cgd6_3730-RA-p1	0	1.101431541	3.194488822
cgd6_3740-RA-p1	0	0	0
cgd6_3760-RA-p1	2.737542532	1.101431541	3.194488822
cgd6_3780-RA-p1	0	0	0
cgd6_3790-RA-p1	1.368771266	3.304294624	1.597244411
cgd6_3800-RA-p1	0	0	1.597244411
cgd6_3810-RA-p1	0	0	0
cgd6_3820-RA-p1	1.368771266	4.405726165	0
cgd6_3830-RA-p1	0	1.101431541	0
cgd6_3840-RA-p1	1.368771266	3.304294624	0
cgd6_3850-RA-p1	0	2.202863082	1.597244411
cgd6_3880-RA-p1	0	0	0
cgd6_3890-RA-p1	0	1.101431541	0
cgd6_390-RA-p1	0	0	4.791733233
cgd6_3900-RA-p1	2.737542532	1.101431541	1.597244411
cgd6_3910-RA-p1	0	3.304294624	0
cgd6_3920-RA-p1	1.368771266	7.710020789	15.97244411
cgd6_3930-RA-p1	0	3.304294624	4.791733233
cgd6_3940-RA-p1	0	0	0
cgd6_3970-RA-p1	0	0	0
cgd6_3990-RA-p1	0	4.405726165	1.597244411
cgd6_40-RA-p1	9.581398862	12.11574695	6.388977643
cgd6_400-RA-p1	1.368771266	1.101431541	0
cgd6_4010-RA-p1	0	1.101431541	0
cgd6_4030-RA-p1	0	0	0
cgd6_4040-RA-p1	0	2.202863082	1.597244411
cgd6_4050-RA-p1	0	1.101431541	0
cgd6_4070-RA-p1	4.106313798	4.405726165	4.791733233
cgd6_4080-RA-p1	1.368771266	1.101431541	1.597244411
cgd6_4100-RA-p1	0	0	1.597244411
cgd6_4130-RA-p1	0	1.101431541	0
cgd6_4140-RA-p1	0	0	1.597244411
cgd6_4160-RA-p1	1.368771266	2.202863082	0
cgd6_4170-RA-p1	2.737542532	0	1.597244411
cgd6_4190-RA-p1	4.106313798	4.405726165	1.597244411
cgd6_420-RA-p1	0	0	1.597244411
cgd6_4200-RA-p1	0	0	1.597244411
cgd6_4210-RA-p1	0	3.304294624	0
cgd6_4220-RA-p1	2.737542532	1.101431541	1.597244411
cgd6_4270-RA-p1	0	0	0
cgd6_4280-RA-p1	1.368771266	2.202863082	0
cgd6_4290-RA-p1	0	0	4.791733233
cgd6_4300-RA-p1	0	0	1.597244411
cgd6_4320-RA-p1	1.368771266	0	0
cgd6_4330-RA-p1	0	0	0
cgd6_4340-RA-p1	0	0	3.194488822
cgd6_4350-RA-p1	0	0	1.597244411
cgd6_4360-RA-p1	0	0	0
cgd6_4370-RA-p1	0	2.202863082	0
cgd6_4380-RA-p1	0	1.101431541	0
cgd6_4390-RA-p1	0	0	3.194488822
cgd6_4400-RA-p1	0	0	0
cgd6_4410-RA-p1	1.368771266	1.101431541	0
cgd6_4420-RA-p1	2.737542532	3.304294624	6.388977643
cgd6_4440-RA-p1	1.368771266	2.202863082	9.583466465
cgd6_4450-RA-p1	1.368771266	1.101431541	3.194488822
cgd6_4460-RA-p1	0	2.202863082	1.597244411
cgd6_4470-RA-p1	4.106313798	1.101431541	4.791733233
cgd6_4480-RA-p1	0	2.202863082	1.597244411
cgd6_4500-RA-p1	1.368771266	0	0
cgd6_4510-RA-p1	2.737542532	3.304294624	1.597244411
cgd6_4530-RA-p1	2.737542532	2.202863082	1.597244411
cgd6_4540-RA-p1	0	0	0
cgd6_4550-RA-p1	2.737542532	0	1.597244411
cgd6_4560-RA-p1	1.368771266	0	1.597244411
cgd6_4580-RA-p1	0	0	1.597244411
cgd6_4600-RA-p1	0	0	0
cgd6_4610-RA-p1	0	0	0
cgd6_4620-RA-p1	6.84385633	5.507157706	12.77795529
cgd6_4630-RA-p1	8.212627596	11.01431541	9.583466465
cgd6_4650-RA-p1	0	0	0
cgd6_4660-RA-p1	0	0	0
cgd6_4670-RA-p1	0	0	0
cgd6_4690-RA-p1	0	3.304294624	3.194488822
cgd6_4710-RA-p1	0	1.101431541	1.597244411
cgd6_4720-RA-p1	1.368771266	1.101431541	6.388977643
cgd6_4740-RA-p1	1.368771266	3.304294624	0
cgd6_4750-RA-p1	0	0	0
cgd6_4760-RA-p1	1.368771266	1.101431541	0
cgd6_4770-RA-p1	0	0	0
cgd6_4780-RA-p1	1.368771266	0	0
cgd6_4790-RA-p1	0	5.507157706	3.194488822
cgd6_480-RA-p1	0	0	0
cgd6_4830-RA-p1	0	1.101431541	7.986222054
cgd6_4840-RA-p1	1.368771266	1.101431541	0
cgd6_4850-RA-p1	0	2.202863082	6.388977643
cgd6_4860-RA-p1	2.737542532	5.507157706	3.194488822
cgd6_4870-RA-p1	2.737542532	13.21717849	6.388977643
cgd6_4880-RA-p1	0	1.101431541	0
cgd6_4890-RA-p1	0	2.202863082	0
cgd6_4920-RA-p1	0	2.202863082	0
cgd6_4940-RA-p1	1.368771266	0	0
cgd6_4990-RA-p1	0	0	0
cgd6_500-RA-p1	0	0	3.194488822
cgd6_5000-RA-p1	0	0	0
cgd6_5020-RA-p1	1.368771266	6.608589247	3.194488822
cgd6_5030-RA-p1	0	1.101431541	0
cgd6_5060-RA-p1	2.737542532	1.101431541	3.194488822
cgd6_5080-RA-p1	1.368771266	1.101431541	0
cgd6_5090-RA-p1	1.368771266	0	0
cgd6_510-RA-p1	0	0	0
cgd6_5110-RA-p1	0	0	0
cgd6_5140-RA-p1	2.737542532	0	0
cgd6_5150-RA-p1	2.737542532	0	0
cgd6_5170-RA-p1	0	0	0
cgd6_5220-RA-p1	1.368771266	0	3.194488822
cgd6_5230-RA-p1	0	1.101431541	0
cgd6_5240-RA-p1	0	4.405726165	3.194488822
cgd6_5250-RA-p1	1.368771266	0	0
cgd6_5270-RA-p1	2.737542532	0	0
cgd6_5280-RA-p1	4.106313798	5.507157706	3.194488822
cgd6_530-RA-p1	0	1.101431541	0
cgd6_5310-RA-p1	0	2.202863082	0
cgd6_5320-RA-p1	0	0	3.194488822
cgd6_5350-RA-p1	0	0	0
cgd6_5360-RA-p1	1.368771266	1.101431541	0
cgd6_5370-RA-p1	0	0	0
cgd6_5380-RA-p1	0	0	0
cgd6_5400-RA-p1	4.106313798	4.405726165	3.194488822
cgd6_5410-RA-p1	17.79402646	28.63722007	73.4732429
cgd6_5420-RA-p1	0	0	1.597244411
cgd6_5430-RA-p1	4.106313798	1.101431541	6.388977643
cgd6_5440-RA-p1	1.368771266	0	0
cgd6_5450-RA-p1	4.106313798	1.101431541	1.597244411
cgd6_5470-RA-p1	0	1.101431541	0
cgd6_5500-RA-p1	1.368771266	0	0
cgd6_5510-RA-p1	0	0	0
cgd6_560-RA-p1	2.737542532	2.202863082	1.597244411
cgd6_570-RA-p1	2.737542532	4.405726165	4.791733233
cgd6_580-RA-p1	0	0	0
cgd6_620-RA-p1	1.368771266	0	3.194488822
cgd6_650-RA-p1	1.368771266	3.304294624	3.194488822
cgd6_660-RA-p1	1.368771266	0	0
cgd6_680-RA-p1	0	0	7.986222054
cgd6_690-RA-p1	1.368771266	0	0
cgd6_70-RA-p1	1.368771266	2.202863082	0
cgd6_710-RA-p1	0	1.101431541	0
cgd6_730-RA-p1	1.368771266	1.101431541	1.597244411
cgd6_740-RA-p1	1.368771266	1.101431541	1.597244411
cgd6_760-RA-p1	1.368771266	1.101431541	0
cgd6_770-RA-p1	42.43190925	25.33292545	17.56968852
cgd6_780-RA-p1	2.737542532	3.304294624	4.791733233
cgd6_80-RA-p1	0	0	0
cgd6_810-RA-p1	0	0	0
cgd6_820-RA-p1	10.95017013	25.33292545	23.95866616
cgd6_830-RA-p1	0	0	1.597244411
cgd6_840-RA-p1	1.368771266	1.101431541	0
cgd6_860-RA-p1	1.368771266	1.101431541	0
cgd6_875-RA-p1	1.368771266	1.101431541	3.194488822
cgd6_90-RA-p1	1.368771266	2.202863082	0
cgd6_900-RA-p1	1.368771266	0	0
cgd6_920-RA-p1	0	0	1.597244411
cgd6_930-RA-p1	0	0	0
cgd6_940-RA-p1	0	0	0
cgd6_950-RA-p1	0	1.101431541	1.597244411
cgd6_960-RA-p1	2.737542532	1.101431541	3.194488822
cgd6_970-RA-p1	0	2.202863082	0
cgd6_980-RA-p1	0	0	0
cgd6_990-RA-p1	0	0	0
cgd7_1010-RA-p1	0	0	1.597244411
cgd7_1040-RA-p1	1.368771266	0	0
cgd7_1050-RA-p1	1.368771266	0	0
cgd7_1070-RA-p1	0	0	0
cgd7_1080-RA-p1	0	1.101431541	0
cgd7_1090-RA-p1	0	0	1.597244411
cgd7_110-RA-p1	1.368771266	1.101431541	0
cgd7_1100-RA-p1	2.737542532	0	3.194488822
cgd7_1110-RA-p1	0	0	1.597244411
cgd7_1130-RA-p1	1.368771266	1.101431541	0
cgd7_1140-RA-p1	0	0	3.194488822
cgd7_1150-RA-p1	1.368771266	0	0
cgd7_1160-RA-p1	1.368771266	0	1.597244411
cgd7_1170-RA-p1	1.368771266	0	1.597244411
cgd7_120-RA-p1	0	1.101431541	1.597244411
cgd7_1200-RA-p1	1.368771266	0	0
cgd7_1210-RA-p1	1.368771266	0	0
cgd7_1240-RA-p1	0	1.101431541	3.194488822
cgd7_1250-RA-p1	0	1.101431541	0
cgd7_1260-RA-p1	0	0	3.194488822
cgd7_1270-RA-p1	1.368771266	3.304294624	3.194488822
cgd7_1280-RA-p1	0	2.202863082	1.597244411
cgd7_1290-RA-p1	2.737542532	2.202863082	1.597244411
cgd7_130-RA-p1	0	1.101431541	0
cgd7_1310-RA-p1	1.368771266	0	0
cgd7_1320-RA-p1	0	0	1.597244411
cgd7_1330-RA-p1	0	5.507157706	11.18071088
cgd7_1350-RA-p1	2.737542532	1.101431541	0
cgd7_1370-RA-p1	0	1.101431541	0
cgd7_1400-RA-p1	0	0	0
cgd7_1410-RA-p1	0	0	3.194488822
cgd7_1420-RA-p1	0	0	0
cgd7_1430-RA-p1	0	0	0
cgd7_1440-RA-p1	0	1.101431541	1.597244411
cgd7_1450-RA-p1	0	1.101431541	0
cgd7_1460-RA-p1	15.05648393	20.92719928	6.388977643
cgd7_1490-RA-p1	1.368771266	2.202863082	1.597244411
cgd7_150-RA-p1	1.368771266	5.507157706	0
cgd7_1540-RA-p1	4.106313798	2.202863082	3.194488822
cgd7_1550-RA-p1	0	0	0
cgd7_1570-RA-p1	2.737542532	0	0
cgd7_1580-RA-p1	0	0	1.597244411
cgd7_1590-RA-p1	1.368771266	0	0
cgd7_160-RA-p1	0	3.304294624	1.597244411
cgd7_1600-RA-p1	1.368771266	1.101431541	0
cgd7_1610-RA-p1	1.368771266	1.101431541	0
cgd7_1620-RA-p1	0	0	1.597244411
cgd7_1640-RA-p1	0	3.304294624	0
cgd7_1650-RA-p1	0	0	1.597244411
cgd7_1660-RA-p1	1.368771266	2.202863082	0
cgd7_1670-RA-p1	0	0	0
cgd7_1690-RA-p1	1.368771266	0	0
cgd7_1700-RA-p1	1.368771266	1.101431541	0
cgd7_1710-RA-p1	0	0	1.597244411
cgd7_1730-RA-p1	5.475085064	9.912883871	6.388977643
cgd7_1740-RA-p1	0	0	1.597244411
cgd7_1750-RA-p1	0	1.101431541	1.597244411
cgd7_1760-RA-p1	1.368771266	0	0
cgd7_1790-RA-p1	0	0	3.194488822
cgd7_1810-RA-p1	0	0	0
cgd7_1820-RA-p1	1.368771266	0	0
cgd7_1830-RA-p1	1.368771266	2.202863082	3.194488822
cgd7_1840-RA-p1	0	0	0
cgd7_1850-RA-p1	1.368771266	1.101431541	0
cgd7_1860-RA-p1	0	1.101431541	0
cgd7_1880-RA-p1	2.737542532	8.81145233	4.791733233
cgd7_1890-RA-p1	8.212627596	6.608589247	6.388977643
cgd7_1900-RA-p1	2.737542532	3.304294624	3.194488822
cgd7_1910-RA-p1	0	0	1.597244411
cgd7_1920-RA-p1	1.368771266	1.101431541	0
cgd7_1930-RA-p1	6.84385633	0	4.791733233
cgd7_1940-RA-p1	1.368771266	1.101431541	0
cgd7_1950-RA-p1	0	0	0
cgd7_1960-RA-p1	4.106313798	1.101431541	14.3751997
cgd7_1970-RA-p1	0	0	1.597244411
cgd7_1980-RA-p1	1.368771266	0	0
cgd7_1990-RA-p1	2.737542532	3.304294624	4.791733233
cgd7_200-RA-p1	1.368771266	0	3.194488822
cgd7_2000-RA-p1	1.368771266	2.202863082	0
cgd7_2010-RA-p1	5.475085064	0	1.597244411
cgd7_2020-RA-p1	1.368771266	0	0
cgd7_2030-RA-p1	0	0	0
cgd7_2040-RA-p1	0	2.202863082	1.597244411
cgd7_2060-RA-p1	0	0	0
cgd7_2070-RA-p1	0	0	1.597244411
cgd7_2080-RA-p1	0	0	0
cgd7_210-RA-p1	1.368771266	0	0
cgd7_2100-RA-p1	0	0	1.597244411
cgd7_2110-RA-p1	4.106313798	9.912883871	1.597244411
cgd7_2130-RA-p1	0	0	1.597244411
cgd7_2140-RA-p1	0	0	1.597244411
cgd7_2150-RA-p1	0	0	0
cgd7_2160-RA-p1	0	0	0
cgd7_2170-RA-p1	0	0	0
cgd7_220-RA-p1	2.737542532	1.101431541	0
cgd7_2200-RA-p1	0	0	1.597244411
cgd7_2240-RA-p1	0	0	0
cgd7_2250-RA-p1	4.106313798	11.01431541	11.18071088
cgd7_2260-RA-p1	0	0	0
cgd7_2270-RA-p1	0	0	0
cgd7_2280-RA-p1	8.212627596	4.405726165	1.597244411
cgd7_2290-RA-p1	0	2.202863082	1.597244411
cgd7_230-RA-p1	0	1.101431541	1.597244411
cgd7_2300-RA-p1	15.05648393	16.52147312	23.95866616
cgd7_2310-RA-p1	1.368771266	0	0
cgd7_2330-RA-p1	9.581398862	0	0
cgd7_2340-RA-p1	0	0	0
cgd7_2350-RA-p1	1.368771266	1.101431541	1.597244411
cgd7_2360-RA-p1	2.737542532	1.101431541	1.597244411
cgd7_2370-RA-p1	1.368771266	0	0
cgd7_2400-RA-p1	1.368771266	1.101431541	0
cgd7_2410-RA-p1	0	0	0
cgd7_2420-RA-p1	1.368771266	6.608589247	1.597244411
cgd7_2430-RA-p1	2.737542532	4.405726165	4.791733233
cgd7_2440-RA-p1	0	0	0
cgd7_2470-RA-p1	4.106313798	2.202863082	0
cgd7_2480-RA-p1	0	0	1.597244411
cgd7_250-RA-p1	0	1.101431541	6.388977643
cgd7_2500-RA-p1	1.368771266	0	0
cgd7_2520-RA-p1	1.368771266	2.202863082	0
cgd7_2530-RA-p1	0	0	0
cgd7_2540-RA-p1	6.84385633	7.710020789	1.597244411
cgd7_2550-RA-p1	1.368771266	0	1.597244411
cgd7_2560-RA-p1	0	0	3.194488822
cgd7_2570-RA-p1	0	0	0
cgd7_2590-RA-p1	1.368771266	3.304294624	1.597244411
cgd7_260-RA-p1	0	2.202863082	0
cgd7_2600-RA-p1	0	1.101431541	1.597244411
cgd7_2620-RA-p1	1.368771266	0	0
cgd7_2630-RA-p1	0	1.101431541	0
cgd7_2640-RA-p1	8.212627596	1.101431541	0
cgd7_2660-RA-p1	0	1.101431541	0
cgd7_2670-RA-p1	2.737542532	2.202863082	9.583466465
cgd7_2680-RA-p1	0	0	1.597244411
cgd7_270-RA-p1	0	3.304294624	0
cgd7_2700-RA-p1	19.16279772	15.42004158	12.77795529
cgd7_2710-RA-p1	0	0	0
cgd7_2740-RA-p1	0	0	1.597244411
cgd7_2750-RA-p1	0	2.202863082	0
cgd7_2760-RA-p1	0	1.101431541	0
cgd7_2770-RA-p1	4.106313798	3.304294624	0
cgd7_2790-RA-p1	0	0	0
cgd7_280-RA-p1	1.368771266	2.202863082	0
cgd7_2800-RA-p1	2.737542532	5.507157706	1.597244411
cgd7_2810-RA-p1	0	1.101431541	0
cgd7_2820-RA-p1	1.368771266	0	0
cgd7_2830-RA-p1	1.368771266	0	1.597244411
cgd7_2840-RA-p1	1.368771266	2.202863082	0
cgd7_2850-RA-p1	2.737542532	0	0
cgd7_2860-RA-p1	0	0	0
cgd7_2870-RA-p1	6.84385633	3.304294624	1.597244411
cgd7_2880-RA-p1	0	0	0
cgd7_2890-RA-p1	0	0	1.597244411
cgd7_290-RA-p1	2.737542532	1.101431541	4.791733233
cgd7_2900-RA-p1	2.737542532	0	4.791733233
cgd7_2910-RA-p1	0	0	0
cgd7_2920-RA-p1	0	0	0
cgd7_2940-RA-p1	0	0	0
cgd7_2950-RA-p1	0	0	0
cgd7_2960-RA-p1	2.737542532	4.405726165	3.194488822
cgd7_2980-RA-p1	0	0	0
cgd7_30-RA-p1	0	0	0
cgd7_300-RA-p1	0	5.507157706	3.194488822
cgd7_3000-RA-p1	0	0	0
cgd7_3010-RA-p1	12.31894139	16.52147312	19.16693293
cgd7_3020-RA-p1	2.737542532	1.101431541	0
cgd7_3030-RA-p1	0	0	0
cgd7_3040-RA-p1	0	0	0
cgd7_3050-RA-p1	0	0	3.194488822
cgd7_3060-RA-p1	0	0	1.597244411
cgd7_3070-RA-p1	1.368771266	1.101431541	3.194488822
cgd7_3080-RA-p1	0	0	0
cgd7_3090-RA-p1	0	1.101431541	0
cgd7_310-RA-p1	0	1.101431541	0
cgd7_3100-RA-p1	0	0	0
cgd7_3120-RA-p1	27.37542532	63.88302939	57.50079879
cgd7_3140-RA-p1	0	0	0
cgd7_3160-RA-p1	0	0	1.597244411
cgd7_3180-RA-p1	0	1.101431541	0
cgd7_320-RA-p1	5.475085064	11.01431541	6.388977643
cgd7_3200-RA-p1	0	0	0
cgd7_3210-RA-p1	2.737542532	1.101431541	1.597244411
cgd7_3220-RA-p1	0	0	0
cgd7_3240-RA-p1	2.737542532	1.101431541	1.597244411
cgd7_3250-RA-p1	5.475085064	5.507157706	4.791733233
cgd7_3260-RA-p1	0	0	1.597244411
cgd7_3270-RA-p1	0	1.101431541	0
cgd7_3290-RA-p1	0	1.101431541	0
cgd7_330-RA-p1	0	1.101431541	0
cgd7_3300-RA-p1	0	0	0
cgd7_3320-RA-p1	0	0	0
cgd7_3330-RA-p1	0	0	1.597244411
cgd7_3340-RA-p1	0	1.101431541	0
cgd7_3350-RA-p1	1.368771266	0	0
cgd7_3360-RA-p1	0	0	1.597244411
cgd7_3370-RA-p1	0	0	1.597244411
cgd7_3390-RA-p1	0	0	0
cgd7_340-RA-p1	4.106313798	6.608589247	7.986222054
cgd7_3410-RA-p1	0	0	1.597244411
cgd7_3430-RA-p1	1.368771266	1.101431541	3.194488822
cgd7_3450-RA-p1	0	1.101431541	1.597244411
cgd7_3470-RA-p1	1.368771266	0	1.597244411
cgd7_3480-RA-p1	1.368771266	0	0
cgd7_3490-RA-p1	1.368771266	0	0
cgd7_350-RA-p1	1.368771266	0	1.597244411
cgd7_3500-RA-p1	1.368771266	0	0
cgd7_3510-RA-p1	0	1.101431541	3.194488822
cgd7_3520-RA-p1	0	0	0
cgd7_3550-RA-p1	0	0	1.597244411
cgd7_3570-RA-p1	1.368771266	0	1.597244411
cgd7_3580-RA-p1	0	0	1.597244411
cgd7_3590-RA-p1	0	2.202863082	0
cgd7_360-RA-p1	10.95017013	0	3.194488822
cgd7_3600-RA-p1	0	0	1.597244411
cgd7_3610-RA-p1	0	0	0
cgd7_3640-RA-p1	0	0	0
cgd7_3650-RA-p1	0	0	1.597244411
cgd7_3660-RA-p1	1.368771266	0	3.194488822
cgd7_3670-RA-p1	1.368771266	1.101431541	0
cgd7_3680-RA-p1	0	0	0
cgd7_3690-RA-p1	0	0	1.597244411
cgd7_370-RA-p1	1.368771266	1.101431541	3.194488822
cgd7_3720-RA-p1	1.368771266	0	0
cgd7_3760-RA-p1	1.368771266	0	0
cgd7_3780-RA-p1	5.475085064	0	3.194488822
cgd7_3790-RA-p1	6.84385633	9.912883871	14.3751997
cgd7_380-RA-p1	1.368771266	2.202863082	3.194488822
cgd7_3800-RA-p1	0	1.101431541	0
cgd7_3810-RA-p1	0	0	3.194488822
cgd7_3820-RA-p1	0	1.101431541	0
cgd7_3830-RA-p1	1.368771266	1.101431541	1.597244411
cgd7_3850-RA-p1	0	0	0
cgd7_3860-RA-p1	0	0	1.597244411
cgd7_3870-RA-p1	0	0	0
cgd7_3880-RA-p1	1.368771266	0	0
cgd7_3890-RA-p1	0	0	1.597244411
cgd7_3910-RA-p1	0	0	0
cgd7_3920-RA-p1	0	1.101431541	0
cgd7_3960-RA-p1	0	0	1.597244411
cgd7_3980-RA-p1	0	0	0
cgd7_3990-RA-p1	1.368771266	1.101431541	0
cgd7_40-RA-p1	1.368771266	0	1.597244411
cgd7_400-RA-p1	61.59470697	95.82454409	60.69528761
cgd7_4000-RA-p1	0	0	0
cgd7_4010-RA-p1	0	0	0
cgd7_4020-RA-p1	0	1.101431541	0
cgd7_4030-RA-p1	0	1.101431541	3.194488822
cgd7_4040-RA-p1	1.368771266	0	0
cgd7_4050-RA-p1	9.581398862	6.608589247	3.194488822
cgd7_4060-RA-p1	0	1.101431541	0
cgd7_4070-RA-p1	0	0	0
cgd7_4080-RA-p1	0	0	1.597244411
cgd7_4090-RA-p1	1.368771266	1.101431541	0
cgd7_410-RA-p1	0	0	0
cgd7_4100-RA-p1	1.368771266	3.304294624	0
cgd7_4110-RA-p1	1.368771266	0	0
cgd7_4130-RA-p1	0	1.101431541	0
cgd7_4140-RA-p1	1.368771266	0	0
cgd7_4150-RA-p1	0	2.202863082	1.597244411
cgd7_4160-RA-p1	0	0	1.597244411
cgd7_4170-RA-p1	0	3.304294624	1.597244411
cgd7_4180-RA-p1	0	3.304294624	0
cgd7_420-RA-p1	0	0	1.597244411
cgd7_4200-RA-p1	0	0	0
cgd7_4210-RA-p1	20.53156899	12.11574695	6.388977643
cgd7_4220-RA-p1	0	0	1.597244411
cgd7_4230-RA-p1	0	0	0
cgd7_4250-RA-p1	0	0	1.597244411
cgd7_4260-RA-p1	4.106313798	0	1.597244411
cgd7_4270-RA-p1	8.212627596	5.507157706	6.388977643
cgd7_4280-RA-p1	0	1.101431541	0
cgd7_4290-RA-p1	0	0	0
cgd7_4300-RA-p1	1.368771266	0	0
cgd7_4310-RA-p1	2.737542532	0	0
cgd7_4320-RA-p1	0	4.405726165	1.597244411
cgd7_4350-RA-p1	1.368771266	1.101431541	0
cgd7_4360-RA-p1	0	1.101431541	1.597244411
cgd7_4370-RA-p1	0	1.101431541	0
cgd7_4390-RA-p1	0	0	0
cgd7_4400-RA-p1	0	2.202863082	0
cgd7_4410-RA-p1	0	0	0
cgd7_4420-RA-p1	0	0	0
cgd7_4460-RA-p1	5.475085064	9.912883871	6.388977643
cgd7_4470-RA-p1	0	0	0
cgd7_4480-RA-p1	1.368771266	0	0
cgd7_4490-RA-p1	0	0	0
cgd7_450-RA-p1	0	1.101431541	1.597244411
cgd7_4500-RA-p1	0	0	3.194488822
cgd7_4510-RA-p1	0	0	1.597244411
cgd7_4520-RA-p1	0	3.304294624	3.194488822
cgd7_4530-RA-p1	0	0	1.597244411
cgd7_4560-RA-p1	0	0	4.791733233
cgd7_4570-RA-p1	0	1.101431541	0
cgd7_4580-RA-p1	1.368771266	2.202863082	7.986222054
cgd7_460-RA-p1	0	0	0
cgd7_4610-RA-p1	0	0	0
cgd7_4620-RA-p1	0	1.101431541	1.597244411
cgd7_4630-RA-p1	0	0	1.597244411
cgd7_4670-RA-p1	0	0	0
cgd7_4680-RA-p1	0	1.101431541	3.194488822
cgd7_470-RA-p1	0	0	0
cgd7_4710-RA-p1	2.737542532	2.202863082	0
cgd7_4720-RA-p1	0	1.101431541	0
cgd7_4730-RA-p1	2.737542532	2.202863082	0
cgd7_4750-RA-p1	1.368771266	2.202863082	0
cgd7_4760-RA-p1	9.581398862	8.81145233	6.388977643
cgd7_4770-RA-p1	0	0	1.597244411
cgd7_4790-RA-p1	0	1.101431541	1.597244411
cgd7_480-RA-p1	1.368771266	4.405726165	3.194488822
cgd7_4800-RA-p1	6.84385633	16.52147312	22.36142175
cgd7_4810-RA-p1	5.475085064	15.42004158	3.194488822
cgd7_4860-RA-p1	0	0	0
cgd7_4880-RA-p1	68.4385633	110.1431541	46.32008791
cgd7_4890-RA-p1	1.368771266	0	0
cgd7_490-RA-p1	0	1.101431541	0
cgd7_4900-RA-p1	0	1.101431541	0
cgd7_4910-RA-p1	0	1.101431541	0
cgd7_4940-RA-p1	0	2.202863082	1.597244411
cgd7_4960-RA-p1	0	0	0
cgd7_4970-RA-p1	1.368771266	1.101431541	0
cgd7_4980-RA-p1	1.368771266	0	0
cgd7_4990-RA-p1	0	3.304294624	1.597244411
cgd7_50-RA-p1	0	0	1.597244411
cgd7_5000-RA-p1	0	1.101431541	0
cgd7_5010-RA-p1	0	0	1.597244411
cgd7_5020-RA-p1	0	0	1.597244411
cgd7_5030-RA-p1	0	1.101431541	3.194488822
cgd7_5050-RA-p1	0	1.101431541	3.194488822
cgd7_5060-RA-p1	0	0	0
cgd7_5070-RA-p1	0	0	0
cgd7_5080-RA-p1	1.368771266	1.101431541	0
cgd7_5090-RA-p1	0	0	0
cgd7_5100-RA-p1	1.368771266	0	0
cgd7_5130-RA-p1	6.84385633	24.23149391	39.93111027
cgd7_5140-RA-p1	2.737542532	28.63722007	15.97244411
cgd7_5150-RA-p1	1.368771266	0	0
cgd7_5160-RA-p1	0	0	1.597244411
cgd7_5170-RA-p1	2.737542532	0	1.597244411
cgd7_5180-RA-p1	0	1.101431541	0
cgd7_5190-RA-p1	2.737542532	0	0
cgd7_520-RA-p1	0	0	1.597244411
cgd7_5210-RA-p1	1.368771266	0	0
cgd7_5220-RA-p1	1.368771266	1.101431541	0
cgd7_5230-RA-p1	0	0	0
cgd7_5240-RA-p1	0	0	0
cgd7_5260-RA-p1	1.368771266	0	0
cgd7_5270-RA-p1	0	1.101431541	1.597244411
cgd7_5280-RA-p1	1.368771266	0	0
cgd7_530-RA-p1	1.368771266	0	0
cgd7_5310-RA-p1	0	1.101431541	0
cgd7_5350-RA-p1	0	0	0
cgd7_5360-RA-p1	0	1.101431541	0
cgd7_5380-RA-p1	0	0	0
cgd7_540-RA-p1	2.737542532	0	0
cgd7_5410-RA-p1	2.737542532	1.101431541	0
cgd7_5440-RA-p1	1.368771266	1.101431541	0
cgd7_5460-RA-p1	1.368771266	0	1.597244411
cgd7_5480-RA-p1	0	0	1.597244411
cgd7_550-RA-p1	0	3.304294624	0
cgd7_5510-RA-p1	1.368771266	0	0
cgd7_5520-RA-p1	0	0	0
cgd7_560-RA-p1	0	0	0
cgd7_570-RA-p1	0	0	0
cgd7_580-RA-p1	1.368771266	8.81145233	0
cgd7_6-RA-p1	0	1.101431541	1.597244411
cgd7_600-RA-p1	0	0	1.597244411
cgd7_610-RA-p1	1.368771266	2.202863082	1.597244411
cgd7_620-RA-p1	0	1.101431541	1.597244411
cgd7_630-RA-p1	0	0	1.597244411
cgd7_640-RA-p1	0	0	1.597244411
cgd7_650-RA-p1	1.368771266	3.304294624	1.597244411
cgd7_670-RA-p1	0	0	3.194488822
cgd7_690-RA-p1	0	0	0
cgd7_7-RA-p1	0	1.101431541	1.597244411
cgd7_70-RA-p1	2.737542532	2.202863082	0
cgd7_710-RA-p1	1.368771266	4.405726165	0
cgd7_740-RA-p1	1.368771266	0	0
cgd7_780-RA-p1	0	0	0
cgd7_790-RA-p1	4.106313798	3.304294624	4.791733233
cgd7_80-RA-p1	0	3.304294624	0
cgd7_810-RA-p1	4.106313798	0	0
cgd7_820-RA-p1	0	0	1.597244411
cgd7_850-RA-p1	1.368771266	1.101431541	4.791733233
cgd7_860-RA-p1	2.737542532	4.405726165	1.597244411
cgd7_880-RA-p1	0	0	4.791733233
cgd7_890-RA-p1	0	0	0
cgd7_910-RA-p1	17.79402646	24.23149391	25.55591057
cgd7_920-RA-p1	0	0	3.194488822
cgd7_930-RA-p1	0	0	0
cgd7_940-RA-p1	2.737542532	1.101431541	11.18071088
cgd7_950-RA-p1	2.737542532	0	0
cgd7_970-RA-p1	0	0	3.194488822
cgd7_980-RA-p1	4.106313798	3.304294624	1.597244411
cgd8_100-RA-p1	0	1.101431541	0
cgd8_1030-RA-p1	1.368771266	2.202863082	0
cgd8_1040-RA-p1	1.368771266	0	3.194488822
cgd8_1050-RA-p1	1.368771266	3.304294624	0
cgd8_1070-RA-p1	0	0	0
cgd8_1080-RA-p1	0	1.101431541	3.194488822
cgd8_110-RA-p1	1.368771266	2.202863082	0
cgd8_1100-RA-p1	1.368771266	1.101431541	0
cgd8_1110-RA-p1	1.368771266	1.101431541	0
cgd8_1150-RA-p1	2.737542532	2.202863082	0
cgd8_1160-RA-p1	2.737542532	0	0
cgd8_1170-RA-p1	0	2.202863082	1.597244411
cgd8_1180-RA-p1	1.368771266	0	0
cgd8_1200-RA-p1	0	0	1.597244411
cgd8_1220-RA-p1	0	1.101431541	0
cgd8_1230-RA-p1	2.737542532	0	0
cgd8_1240-RA-p1	0	0	1.597244411
cgd8_1250-RA-p1	0	1.101431541	0
cgd8_1260-RA-p1	0	1.101431541	3.194488822
cgd8_1270-RA-p1	1.368771266	2.202863082	0
cgd8_1280-RA-p1	6.84385633	8.81145233	3.194488822
cgd8_1290-RA-p1	4.106313798	0	0
cgd8_130-RA-p1	0	1.101431541	0
cgd8_1320-RA-p1	1.368771266	0	0
cgd8_1330-RA-p1	1.368771266	1.101431541	0
cgd8_1340-RA-p1	0	1.101431541	0
cgd8_1350-RA-p1	0	1.101431541	0
cgd8_1380-RA-p1	0	1.101431541	1.597244411
cgd8_1390-RA-p1	0	3.304294624	0
cgd8_1400-RA-p1	0	1.101431541	0
cgd8_1410-RA-p1	0	2.202863082	0
cgd8_1430-RA-p1	0	1.101431541	7.986222054
cgd8_1440-RA-p1	0	1.101431541	0
cgd8_1450-RA-p1	1.368771266	3.304294624	3.194488822
cgd8_1470-RA-p1	4.106313798	9.912883871	3.194488822
cgd8_1480-RA-p1	1.368771266	2.202863082	0
cgd8_1500-RA-p1	1.368771266	1.101431541	0
cgd8_1510-RA-p1	5.475085064	12.11574695	9.583466465
cgd8_1540-RA-p1	0	0	0
cgd8_1560-RA-p1	0	0	0
cgd8_1600-RA-p1	2.737542532	3.304294624	4.791733233
cgd8_1610-RA-p1	0	3.304294624	1.597244411
cgd8_1620-RA-p1	4.106313798	2.202863082	0
cgd8_1630-RA-p1	2.737542532	2.202863082	0
cgd8_1640-RA-p1	4.106313798	4.405726165	0
cgd8_1650-RA-p1	1.368771266	1.101431541	0
cgd8_1660-RA-p1	1.368771266	1.101431541	0
cgd8_1670-RA-p1	1.368771266	2.202863082	1.597244411
cgd8_1680-RA-p1	0	0	1.597244411
cgd8_1690-RA-p1	0	0	0
cgd8_170-RA-p1	0	0	1.597244411
cgd8_1710-RA-p1	0	0	0
cgd8_1720-RA-p1	54.75085064	84.81022867	22.36142175
cgd8_1730-RA-p1	0	1.101431541	0
cgd8_1740-RA-p1	2.737542532	0	0
cgd8_1760-RA-p1	0	2.202863082	0
cgd8_1770-RA-p1	0	1.101431541	0
cgd8_1780-RA-p1	0	1.101431541	0
cgd8_1790-RA-p1	0	1.101431541	0
cgd8_1800-RA-p1	1.368771266	0	0
cgd8_1810-RA-p1	1.368771266	0	0
cgd8_1840-RA-p1	8.212627596	2.202863082	0
cgd8_1850-RA-p1	1.368771266	2.202863082	1.597244411
cgd8_1860-RA-p1	1.368771266	0	0
cgd8_190-RA-p1	0	2.202863082	0
cgd8_1900-RA-p1	0	0	1.597244411
cgd8_1920-RA-p1	0	0	0
cgd8_1930-RA-p1	0	1.101431541	0
cgd8_1940-RA-p1	0	0	0
cgd8_1950-RA-p1	0	1.101431541	6.388977643
cgd8_1960-RA-p1	0	1.101431541	3.194488822
cgd8_1970-RA-p1	2.737542532	4.405726165	7.986222054
cgd8_1990-RA-p1	1.368771266	0	4.791733233
cgd8_20-RA-p1	0	1.101431541	0
cgd8_200-RA-p1	0	3.304294624	0
cgd8_2000-RA-p1	2.737542532	1.101431541	1.597244411
cgd8_2040-RA-p1	1.368771266	0	0
cgd8_2050-RA-p1	0	0	0
cgd8_2060-RA-p1	0	4.405726165	1.597244411
cgd8_2070-RA-p1	0	2.202863082	1.597244411
cgd8_2080-RA-p1	0	0	0
cgd8_2090-RA-p1	2.737542532	0	1.597244411
cgd8_210-RA-p1	2.737542532	0	0
cgd8_2100-RA-p1	6.84385633	2.202863082	3.194488822
cgd8_2110-RA-p1	2.737542532	2.202863082	0
cgd8_2120-RA-p1	0	3.304294624	0
cgd8_2150-RA-p1	0	0	1.597244411
cgd8_2160-RA-p1	1.368771266	2.202863082	0
cgd8_2170-RA-p1	45.16945178	81.50593405	44.7228435
cgd8_2180-RA-p1	0	1.101431541	0
cgd8_2190-RA-p1	0	1.101431541	0
cgd8_220-RA-p1	0	0	0
cgd8_2200-RA-p1	0	0	1.597244411
cgd8_2210-RA-p1	0	0	0
cgd8_2230-RA-p1	0	0	1.597244411
cgd8_2250-RA-p1	0	0	3.194488822
cgd8_2260-RA-p1	2.737542532	1.101431541	1.597244411
cgd8_2270-RA-p1	1.368771266	5.507157706	4.791733233
cgd8_2280-RA-p1	0	0	1.597244411
cgd8_230-RA-p1	0	0	0
cgd8_2300-RA-p1	0	0	1.597244411
cgd8_2340-RA-p1	4.106313798	3.304294624	1.597244411
cgd8_2370-RA-p1	1.368771266	9.912883871	0
cgd8_2380-RA-p1	0	0	0
cgd8_240-RA-p1	1.368771266	0	0
cgd8_2410-RA-p1	1.368771266	0	0
cgd8_2430-RA-p1	0	1.101431541	1.597244411
cgd8_2440-RA-p1	0	0	0
cgd8_2450-RA-p1	0	4.405726165	3.194488822
cgd8_2470-RA-p1	0	0	0
cgd8_2480-RA-p1	1.368771266	1.101431541	0
cgd8_2490-RA-p1	0	0	3.194488822
cgd8_250-RA-p1	2.737542532	2.202863082	0
cgd8_2500-RA-p1	0	0	0
cgd8_2520-RA-p1	1.368771266	2.202863082	6.388977643
cgd8_2530-RA-p1	1.368771266	3.304294624	0
cgd8_2540-RA-p1	0	0	1.597244411
cgd8_2550-RA-p1	0	0	0
cgd8_2560-RA-p1	0	1.101431541	0
cgd8_2580-RA-p1	6.84385633	4.405726165	6.388977643
cgd8_260-RA-p1	0	0	0
cgd8_2610-RA-p1	9.581398862	12.11574695	9.583466465
cgd8_2620-RA-p1	0	1.101431541	0
cgd8_2630-RA-p1	1.368771266	1.101431541	0
cgd8_2650-RA-p1	0	1.101431541	3.194488822
cgd8_2660-RA-p1	0	0	1.597244411
cgd8_2670-RA-p1	8.212627596	1.101431541	0
cgd8_270-RA-p1	1.368771266	0	0
cgd8_2750-RA-p1	0	1.101431541	3.194488822
cgd8_2770-RA-p1	4.106313798	14.31861004	27.15315498
cgd8_2780-RA-p1	0	0	0
cgd8_2790-RA-p1	4.106313798	1.101431541	0
cgd8_2800-RA-p1	2.737542532	2.202863082	3.194488822
cgd8_2810-RA-p1	0	0	0
cgd8_2820-RA-p1	0	2.202863082	0
cgd8_2830-RA-p1	0	1.101431541	0
cgd8_2840-RA-p1	2.737542532	3.304294624	1.597244411
cgd8_2860-RA-p1	0	0	1.597244411
cgd8_2870-RA-p1	1.368771266	1.101431541	1.597244411
cgd8_2880-RA-p1	1.368771266	1.101431541	0
cgd8_2890-RA-p1	0	1.101431541	0
cgd8_2900-RA-p1	0	0	0
cgd8_2910-RA-p1	0	0	0
cgd8_2920-RA-p1	0	0	0
cgd8_2930-RA-p1	15.05648393	9.912883871	9.583466465
cgd8_2940-RA-p1	0	0	0
cgd8_2960-RA-p1	0	0	0
cgd8_2970-RA-p1	1.368771266	0	1.597244411
cgd8_30-RA-p1	0	1.101431541	1.597244411
cgd8_300-RA-p1	1.368771266	3.304294624	0
cgd8_3000-RA-p1	0	1.101431541	0
cgd8_3010-RA-p1	1.368771266	0	1.597244411
cgd8_3020-RA-p1	0	1.101431541	1.597244411
cgd8_3030-RA-p1	0	0	3.194488822
cgd8_3040-RA-p1	0	0	0
cgd8_3050-RA-p1	4.106313798	3.304294624	3.194488822
cgd8_3060-RA-p1	0	0	0
cgd8_3070-RA-p1	4.106313798	2.202863082	0
cgd8_3080-RA-p1	0	1.101431541	0
cgd8_3090-RA-p1	0	1.101431541	0
cgd8_310-RA-p1	0	0	0
cgd8_3100-RA-p1	0	0	0
cgd8_3110-RA-p1	0	0	0
cgd8_3120-RA-p1	0	0	0
cgd8_3130-RA-p1	0	0	0
cgd8_3140-RA-p1	1.368771266	0	0
cgd8_3150-RA-p1	0	0	4.791733233
cgd8_3160-RA-p1	0	0	0
cgd8_3170-RA-p1	0	0	0
cgd8_3190-RA-p1	0	0	0
cgd8_320-RA-p1	0	2.202863082	0
cgd8_3200-RA-p1	1.368771266	0	1.597244411
cgd8_3210-RA-p1	1.368771266	0	0
cgd8_3220-RA-p1	1.368771266	0	1.597244411
cgd8_3230-RA-p1	2.737542532	0	1.597244411
cgd8_3240-RA-p1	0	0	1.597244411
cgd8_3250-RA-p1	0	0	1.597244411
cgd8_3260-RA-p1	0	0	0
cgd8_3270-RA-p1	2.737542532	1.101431541	1.597244411
cgd8_3280-RA-p1	0	0	0
cgd8_3290-RA-p1	0	0	0
cgd8_330-RA-p1	1.368771266	5.507157706	0
cgd8_3300-RA-p1	0	0	1.597244411
cgd8_3320-RA-p1	0	0	0
cgd8_3330-RA-p1	2.737542532	2.202863082	1.597244411
cgd8_3340-RA-p1	0	1.101431541	1.597244411
cgd8_3350-RA-p1	0	0	0
cgd8_3360-RA-p1	0	2.202863082	1.597244411
cgd8_3370-RA-p1	0	0	0
cgd8_3380-RA-p1	2.737542532	2.202863082	1.597244411
cgd8_3390-RA-p1	1.368771266	0	11.18071088
cgd8_340-RA-p1	0	0	0
cgd8_3400-RA-p1	1.368771266	0	0
cgd8_3420-RA-p1	0	3.304294624	0
cgd8_3430-RA-p1	2.737542532	0	1.597244411
cgd8_3440-RA-p1	0	0	0
cgd8_3450-RA-p1	5.475085064	6.608589247	6.388977643
cgd8_3460-RA-p1	0	0	0
cgd8_3470-RA-p1	1.368771266	2.202863082	4.791733233
cgd8_3480-RA-p1	12.31894139	14.31861004	7.986222054
cgd8_3490-RA-p1	0	0	4.791733233
cgd8_350-RA-p1	1.368771266	0	3.194488822
cgd8_3500-RA-p1	1.368771266	0	1.597244411
cgd8_3520-RA-p1	8.212627596	7.710020789	3.194488822
cgd8_3530-RA-p1	0	0	0
cgd8_3540-RA-p1	0	1.101431541	0
cgd8_3570-RA-p1	0	0	1.597244411
cgd8_3580-RA-p1	0	1.101431541	1.597244411
cgd8_3590-RA-p1	0	0	0
cgd8_360-RA-p1	4.106313798	2.202863082	3.194488822
cgd8_3600-RA-p1	0	1.101431541	0
cgd8_3610-RA-p1	0	0	3.194488822
cgd8_3630-RA-p1	2.737542532	2.202863082	1.597244411
cgd8_3640-RA-p1	0	0	1.597244411
cgd8_3650-RA-p1	0	0	3.194488822
cgd8_3680-RA-p1	0	1.101431541	0
cgd8_3690-RA-p1	0	0	0
cgd8_3700-RA-p1	0	0	1.597244411
cgd8_3720-RA-p1	2.737542532	0	0
cgd8_3740-RA-p1	0	2.202863082	1.597244411
cgd8_3750-RA-p1	4.106313798	0	0
cgd8_3760-RA-p1	0	0	0
cgd8_3770-RA-p1	0	1.101431541	1.597244411
cgd8_3780-RA-p1	0	0	3.194488822
cgd8_3790-RA-p1	1.368771266	0	0
cgd8_380-RA-p1	0	0	1.597244411
cgd8_3800-RA-p1	0	1.101431541	0
cgd8_3830-RA-p1	0	0	1.597244411
cgd8_3840-RA-p1	0	0	0
cgd8_3850-RA-p1	1.368771266	0	0
cgd8_3860-RA-p1	0	0	0
cgd8_3870-RA-p1	0	0	0
cgd8_3880-RA-p1	0	0	0
cgd8_3890-RA-p1	0	0	0
cgd8_390-RA-p1	0	0	0
cgd8_3900-RA-p1	0	1.101431541	0
cgd8_3910-RA-p1	2.737542532	7.710020789	9.583466465
cgd8_3930-RA-p1	0	1.101431541	0
cgd8_3940-RA-p1	4.106313798	4.405726165	6.388977643
cgd8_3950-RA-p1	0	0	1.597244411
cgd8_3960-RA-p1	1.368771266	2.202863082	0
cgd8_3970-RA-p1	0	0	0
cgd8_3990-RA-p1	0	2.202863082	0
cgd8_40-RA-p1	0	0	0
cgd8_400-RA-p1	13.68771266	16.52147312	12.77795529
cgd8_4000-RA-p1	0	1.101431541	9.583466465
cgd8_4010-RA-p1	0	0	0
cgd8_4020-RA-p1	0	0	0
cgd8_4030-RA-p1	0	1.101431541	1.597244411
cgd8_4040-RA-p1	2.737542532	8.81145233	0
cgd8_4050-RA-p1	0	0	1.597244411
cgd8_4060-RA-p1	1.368771266	0	0
cgd8_4070-RA-p1	0	0	1.597244411
cgd8_4090-RA-p1	0	0	0
cgd8_410-RA-p1	0	0	0
cgd8_4110-RA-p1	0	1.101431541	0
cgd8_4150-RA-p1	6.84385633	0	4.791733233
cgd8_4160-RA-p1	0	0	0
cgd8_4170-RA-p1	0	1.101431541	0
cgd8_4180-RA-p1	1.368771266	1.101431541	1.597244411
cgd8_420-RA-p1	0	1.101431541	1.597244411
cgd8_4200-RA-p1	0	0	1.597244411
cgd8_4210-RA-p1	0	0	1.597244411
cgd8_4220-RA-p1	0	2.202863082	1.597244411
cgd8_4230-RA-p1	4.106313798	0	11.18071088
cgd8_4240-RA-p1	1.368771266	1.101431541	1.597244411
cgd8_4260-RA-p1	0	1.101431541	1.597244411
cgd8_4270-RA-p1	0	0	0
cgd8_4280-RA-p1	0	1.101431541	0
cgd8_430-RA-p1	2.737542532	2.202863082	4.791733233
cgd8_4300-RA-p1	4.106313798	1.101431541	3.194488822
cgd8_4310-RA-p1	13.68771266	28.63722007	38.33386586
cgd8_4320-RA-p1	2.737542532	0	1.597244411
cgd8_4330-RA-p1	0	2.202863082	1.597244411
cgd8_4350-RA-p1	4.106313798	3.304294624	6.388977643
cgd8_4360-RA-p1	1.368771266	7.710020789	0
cgd8_4370-RA-p1	1.368771266	0	0
cgd8_4380-RA-p1	1.368771266	0	0
cgd8_4390-RA-p1	5.475085064	19.82576774	1.597244411
cgd8_440-RA-p1	10.95017013	3.304294624	7.986222054
cgd8_4400-RA-p1	0	1.101431541	1.597244411
cgd8_4410-RA-p1	1.368771266	0	0
cgd8_4420-RA-p1	0	0	1.597244411
cgd8_4430-RA-p1	0	1.101431541	1.597244411
cgd8_4435-RA-p1	0	0	0
cgd8_4450-RA-p1	2.737542532	1.101431541	1.597244411
cgd8_4460-RA-p1	0	4.405726165	3.194488822
cgd8_4470-RA-p1	0	0	0
cgd8_4490-RA-p1	1.368771266	1.101431541	0
cgd8_450-RA-p1	0	3.304294624	3.194488822
cgd8_4510-RA-p1	0	3.304294624	1.597244411
cgd8_4520-RA-p1	0	0	1.597244411
cgd8_4550-RA-p1	0	0	1.597244411
cgd8_4580-RA-p1	0	1.101431541	0
cgd8_460-RA-p1	0	1.101431541	1.597244411
cgd8_4600-RA-p1	0	1.101431541	1.597244411
cgd8_4610-RA-p1	1.368771266	0	0
cgd8_4620-RA-p1	0	1.101431541	1.597244411
cgd8_4630-RA-p1	1.368771266	1.101431541	0
cgd8_4640-RA-p1	2.737542532	0	0
cgd8_4660-RA-p1	4.106313798	3.304294624	3.194488822
cgd8_4670-RA-p1	0	1.101431541	1.597244411
cgd8_4680-RA-p1	2.737542532	4.405726165	1.597244411
cgd8_4710-RA-p1	1.368771266	0	3.194488822
cgd8_4720-RA-p1	2.737542532	0	1.597244411
cgd8_4730-RA-p1	0	0	0
cgd8_4770-RA-p1	1.368771266	3.304294624	7.986222054
cgd8_4780-RA-p1	0	1.101431541	0
cgd8_4790-RA-p1	2.737542532	5.507157706	1.597244411
cgd8_480-RA-p1	1.368771266	1.101431541	1.597244411
cgd8_4800-RA-p1	2.737542532	1.101431541	0
cgd8_4830-RA-p1	1.368771266	1.101431541	1.597244411
cgd8_4840-RA-p1	1.368771266	0	1.597244411
cgd8_4850-RA-p1	0	0	1.597244411
cgd8_4870-RA-p1	1.368771266	0	0
cgd8_4890-RA-p1	0	0	0
cgd8_4900-RA-p1	1.368771266	1.101431541	1.597244411
cgd8_4940-RA-p1	0	0	0
cgd8_4950-RA-p1	0	0	3.194488822
cgd8_4970-RA-p1	0	1.101431541	0
cgd8_4980-RA-p1	0	0	1.597244411
cgd8_4990-RA-p1	0	0	0
cgd8_500-RA-p1	1.368771266	0	0
cgd8_5000-RA-p1	0	1.101431541	0
cgd8_5010-RA-p1	4.106313798	2.202863082	0
cgd8_5030-RA-p1	0	0	0
cgd8_5040-RA-p1	2.737542532	1.101431541	1.597244411
cgd8_5050-RA-p1	1.368771266	1.101431541	1.597244411
cgd8_5060-RA-p1	5.475085064	2.202863082	0
cgd8_5070-RA-p1	0	0	1.597244411
cgd8_5090-RA-p1	8.212627596	5.507157706	4.791733233
cgd8_510-RA-p1	2.737542532	0	0
cgd8_5100-RA-p1	0	0	1.597244411
cgd8_5110-RA-p1	0	1.101431541	0
cgd8_5140-RA-p1	0	0	0
cgd8_5160-RA-p1	0	0	0
cgd8_5180-RA-p1	0	0	0
cgd8_520-RA-p1	1.368771266	0	1.597244411
cgd8_5200-RA-p1	1.368771266	2.202863082	3.194488822
cgd8_5210-RA-p1	0	0	4.791733233
cgd8_5220-RA-p1	0	2.202863082	0
cgd8_5230-RA-p1	15.05648393	35.24580932	14.3751997
cgd8_5240-RA-p1	0	1.101431541	0
cgd8_5250-RA-p1	0	0	0
cgd8_5260-RA-p1	1.368771266	0	0
cgd8_5270-RA-p1	0	1.101431541	0
cgd8_5280-RA-p1	0	3.304294624	1.597244411
cgd8_5290-RA-p1	0	1.101431541	1.597244411
cgd8_5300-RA-p1	0	0	1.597244411
cgd8_5310-RA-p1	0	0	0
cgd8_5320-RA-p1	6.84385633	1.101431541	0
cgd8_5330-RA-p1	0	0	3.194488822
cgd8_5350-RA-p1	0	1.101431541	0
cgd8_5360-RA-p1	0	0	0
cgd8_5370-RA-p1	0	0	1.597244411
cgd8_5380-RA-p1	1.368771266	0	0
cgd8_5390-RA-p1	0	0	1.597244411
cgd8_5400-RA-p1	0	0	0
cgd8_5410-RA-p1	0	0	0
cgd8_550-RA-p1	0	0	3.194488822
cgd8_560-RA-p1	2.737542532	2.202863082	0
cgd8_570-RA-p1	4.106313798	1.101431541	0
cgd8_580-RA-p1	0	0	0
cgd8_590-RA-p1	0	0	0
cgd8_60-RA-p1	0	0	1.597244411
cgd8_600-RA-p1	2.737542532	2.202863082	0
cgd8_610-RA-p1	1.368771266	3.304294624	3.194488822
cgd8_640-RA-p1	1.368771266	0	0
cgd8_650-RA-p1	2.737542532	3.304294624	4.791733233
cgd8_660-RA-p1	0	0	1.597244411
cgd8_680-RA-p1	0	0	0
cgd8_70-RA-p1	0	0	1.597244411
cgd8_700-RA-p1	0	0	1.597244411
cgd8_710-RA-p1	0	1.101431541	1.597244411
cgd8_720-RA-p1	1.368771266	2.202863082	1.597244411
cgd8_730-RA-p1	1.368771266	0	0
cgd8_750-RA-p1	1.368771266	0	4.791733233
cgd8_760-RA-p1	0	1.101431541	0
cgd8_770-RA-p1	0	0	1.597244411
cgd8_780-RA-p1	0	1.101431541	4.791733233
cgd8_790-RA-p1	1.368771266	1.101431541	0
cgd8_80-RA-p1	0	0	0
cgd8_810-RA-p1	0	1.101431541	0
cgd8_830-RA-p1	0	0	7.986222054
cgd8_840-RA-p1	0	1.101431541	0
cgd8_850-RA-p1	0	2.202863082	0
cgd8_860-RA-p1	0	1.101431541	3.194488822
cgd8_890-RA-p1	0	0	0
cgd8_90-RA-p1	0	1.101431541	0
cgd8_900-RA-p1	0	0	0
cgd8_930-RA-p1	0	0	0
cgd8_940-RA-p1	1.368771266	3.304294624	0
cgd8_970-RA-p1	0	0	0
cgd8_980-RA-p1	0	3.304294624	0
cgd8_990-RA-p1	0	0	1.597244411